id,func,target,project,commit_id
4708,"static int proxy_fstat(FsContext *fs_ctx, int fid_type,

                       V9fsFidOpenState *fs, struct stat *stbuf)

{

    int fd;



    if (fid_type == P9_FID_DIR) {

        fd = dirfd(fs->dir);

    } else {

        fd = fs->fd;

    }

    return fstat(fd, stbuf);

}
",False,qemu,494a8ebe713055d3946183f4b395f85a18b43e9e
17248,"static void h264_v_loop_filter_chroma_c(uint8_t *pix, int stride, int alpha, int beta, int8_t *tc0)

{

    h264_loop_filter_chroma_c(pix, stride, 1, alpha, beta, tc0);

}
",False,FFmpeg,dd561441b1e849df7d8681c6f32af82d4088dafd
11357,"static void nbd_read(void *opaque)

{

    NBDClient *client = opaque;



    if (client->recv_coroutine) {

        qemu_coroutine_enter(client->recv_coroutine, NULL);

    } else {

        qemu_coroutine_enter(qemu_coroutine_create(nbd_trip), client);

    }

}
",True,qemu,0b8b8753e4d94901627b3e86431230f2319215c4
22368,"static gboolean gd_vc_in(GIOChannel *chan, GIOCondition cond, void *opaque)

{

    VirtualConsole *vc = opaque;

    uint8_t buffer[1024];

    ssize_t len;



    len = read(vc->fd, buffer, sizeof(buffer));

    if (len <= 0) {

        return FALSE;

    }



    qemu_chr_be_write(vc->chr, buffer, len);



    return TRUE;

}
",True,qemu,d4370741402a97b8b6d0c38fef18ab38bf25ab22
21215,"int qemu_timeout_ns_to_ms(int64_t ns)

{

    int64_t ms;

    if (ns < 0) {

        return -1;

    }



    if (!ns) {

        return 0;

    }



    /* Always round up, because it's better to wait too long than to wait too

     * little and effectively busy-wait

     */

    ms = DIV_ROUND_UP(ns, SCALE_MS);



    /* To avoid overflow problems, limit this to 2^31, i.e. approx 25 days */

    if (ms > (int64_t) INT32_MAX) {

        ms = INT32_MAX;

    }



    return (int) ms;

}
",False,qemu,c2b38b277a7882a592f4f2ec955084b2b756daaa
7905,"static av_always_inline void thread_park_workers(SliceThreadContext *c, int thread_count)

{

    while (c->current_job != thread_count + c->job_count)

        pthread_cond_wait(&c->last_job_cond, &c->current_job_lock);

    pthread_mutex_unlock(&c->current_job_lock);

}
",True,FFmpeg,b505f15b1530d72682b3314e84936f80fe6e43b2
23409,"static void gen_conditional_jump(DisasContext * ctx,

				 target_ulong ift, target_ulong ifnott)

{

    int l1;

    TCGv sr;



    l1 = gen_new_label();

    sr = tcg_temp_new();

    tcg_gen_andi_i32(sr, cpu_sr, SR_T);

    tcg_gen_brcondi_i32(TCG_COND_NE, sr, 0, l1);

    gen_goto_tb(ctx, 0, ifnott);

    gen_set_label(l1);

    gen_goto_tb(ctx, 1, ift);

}
",False,qemu,42a268c241183877192c376d03bd9b6d527407c7
22244,"static void test_visitor_out_empty(TestOutputVisitorData *data,

                                   const void *unused)

{

    QObject *arg;



    arg = qmp_output_get_qobject(data->qov);

    g_assert(qobject_type(arg) == QTYPE_QNULL);



    qobject_decref(arg);

}",True,qemu,a86156401559cb4401cf9ecc704faeab6fc8bb19
18776,"void *postcopy_get_tmp_page(MigrationIncomingState *mis)

{

    if (!mis->postcopy_tmp_page) {

        mis->postcopy_tmp_page = mmap(NULL, getpagesize(),

                             PROT_READ | PROT_WRITE, MAP_PRIVATE |

                             MAP_ANONYMOUS, -1, 0);

        if (!mis->postcopy_tmp_page) {

            error_report(""%s: %s"", __func__, strerror(errno));

            return NULL;

        }

    }



    return mis->postcopy_tmp_page;

}
",True,qemu,0e8b3cdfbc167f4bb7790ef744eaa1ac0e6959f9
21918,"void cpu_write_xer(CPUPPCState *env, target_ulong xer)

{

    env->so = (xer >> XER_SO) & 1;

    env->ov = (xer >> XER_OV) & 1;

    env->ca = (xer >> XER_CA) & 1;

    env->xer = xer & ~((1u << XER_SO) | (1u << XER_OV) | (1u << XER_CA));

}
",True,qemu,dd09c36159858c66ab6e47c688e4177dd3912bf0
15204,"static inline uint32_t mipsdsp_sub32(int32_t a, int32_t b, CPUMIPSState *env)

{

    int32_t temp;



    temp = a - b;

    if (MIPSDSP_OVERFLOW(a, -b, temp, 0x80000000)) {

        set_DSPControl_overflow_flag(1, 20, env);

    }



    return temp;

}
",True,qemu,20c334a797bf46a4ee59a6e42be6d5e7c3cda585
9793,"static void adb_mouse_reset(DeviceState *dev)

{

    ADBDevice *d = ADB_DEVICE(dev);

    MouseState *s = ADB_MOUSE(dev);



    d->handler = 2;

    d->devaddr = ADB_DEVID_MOUSE;

    s->last_buttons_state = s->buttons_state = 0;

    s->dx = s->dy = s->dz = 0;

}
",True,qemu,77cb0f5aafc8e6d0c6d3c339f381c9b7921648e0
23366,"void qemu_opts_del(QemuOpts *opts)

{

    QemuOpt *opt;



    for (;;) {

        opt = TAILQ_FIRST(&opts->head);

        if (opt == NULL)

            break;

        qemu_opt_del(opt);

    }

    TAILQ_REMOVE(&opts->list->head, opts, next);

    qemu_free(opts);

}
",False,qemu,72cf2d4f0e181d0d3a3122e04129c58a95da713e
20204,"void do_tlbwr (void)

{

    int r = cpu_mips_get_random(env);



    invalidate_tlb(r, 1);

    fill_tlb(r);

}
",False,qemu,2ee4aed86ff2ba38a0e1846de18a9aec38d73015
23135,"static int pty_chr_write(CharDriverState *chr, const uint8_t *buf, int len)

{

    PtyCharDriver *s = chr->opaque;



    if (!s->connected) {

        /* guest sends data, check for (re-)connect */

        pty_chr_update_read_handler(chr);

        return 0;

    }

    return io_channel_send(s->fd, buf, len);

}
",False,qemu,9005b2a7589540a3733b3abdcfbccfe7746cd1a1
20214,"static void raw_close(BlockDriverState *bs)

{

}
",False,qemu,2e6fc7eb1a4af1b127df5f07b8bb28af891946fa
15086,"static void virtio_net_set_config(VirtIODevice *vdev, const uint8_t *config)

{

    VirtIONet *n = VIRTIO_NET(vdev);

    struct virtio_net_config netcfg = {};



    memcpy(&netcfg, config, n->config_size);



    if (!(vdev->guest_features >> VIRTIO_NET_F_CTRL_MAC_ADDR & 1) &&

        memcmp(netcfg.mac, n->mac, ETH_ALEN)) {

        memcpy(n->mac, netcfg.mac, ETH_ALEN);

        qemu_format_nic_info_str(qemu_get_queue(n->nic), n->mac);

    }

}
",False,qemu,ef546f1275f6563e8934dd5e338d29d9f9909ca6
14354,"static struct pathelem *add_entry(struct pathelem *root, const char *name,

                                  unsigned type)

{

    struct pathelem **e;



    root->num_entries++;



    root = realloc(root, sizeof(*root)

                   + sizeof(root->entries[0])*root->num_entries);

    e = &root->entries[root->num_entries-1];



    *e = new_entry(root->pathname, root, name);

    if (is_dir_maybe(type)) {

        *e = add_dir_maybe(*e);

    }



    return root;

}
",True,qemu,bc5008a832f95aae86efce844382e64d54da2146
16283,"static void check_cmd(AHCIState *s, int port)

{

    AHCIPortRegs *pr = &s->dev[port].port_regs;

    int slot;



    if ((pr->cmd & PORT_CMD_START) && pr->cmd_issue) {

        for (slot = 0; (slot < 32) && pr->cmd_issue; slot++) {

            if ((pr->cmd_issue & (1 << slot)) &&

                !handle_cmd(s, port, slot)) {

                pr->cmd_issue &= ~(1 << slot);

            }

        }

    }

}
",True,qemu,ee25595f0126de0f83da86cc29ba2365be7a50d2
26049,"void laio_cleanup(void *s_)
{
    struct qemu_laio_state *s = s_;
    event_notifier_cleanup(&s->e);
    g_free(s);",True,qemu,a1abf40d6be2fc4b40d90ae3b46442f4a671776b
4713,"static uint64_t cmd646_data_read(void *opaque, target_phys_addr_t addr,

                                 unsigned size)

{

    CMD646BAR *cmd646bar = opaque;



    if (size == 1) {

        return ide_ioport_read(cmd646bar->bus, addr);

    } else if (addr == 0) {

        if (size == 2) {

            return ide_data_readw(cmd646bar->bus, addr);

        } else {

            return ide_data_readl(cmd646bar->bus, addr);

        }

    }

    return ((uint64_t)1 << (size * 8)) - 1;

}
",False,qemu,a8170e5e97ad17ca169c64ba87ae2f53850dab4c
3917,"static int tpm_passthrough_unix_write(int fd, const uint8_t *buf, uint32_t len)

{

    int ret, remain;



    remain = len;

    while (len > 0) {

        ret = write(fd, buf, remain);

        if (ret < 0) {

            if (errno != EINTR && errno != EAGAIN) {

                return -1;

            }

        } else if (ret == 0) {

            break;

        } else {

            buf += ret;

            remain -= ret;

        }

    }

    return len - remain;

}
",True,qemu,e7658fcc4c29a29c578acde26f7714023b93b46e
19785,"static void gen_mul(DisasContext *dc, TCGv dest, TCGv srca, TCGv srcb)

{

    TCGv sr_ov = tcg_temp_new();

    TCGv t0 = tcg_temp_new();



    tcg_gen_muls2_tl(dest, sr_ov, srca, srcb);

    tcg_gen_sari_tl(t0, dest, TARGET_LONG_BITS - 1);

    tcg_gen_setcond_tl(TCG_COND_NE, sr_ov, sr_ov, t0);

    tcg_temp_free(t0);



    tcg_gen_deposit_tl(cpu_sr, cpu_sr, sr_ov, ctz32(SR_OV), 1);



    gen_ove_ov(dc, sr_ov);

    tcg_temp_free(sr_ov);

}
",True,qemu,9745807191a81c45970f780166f44a7f93b18653
12702,"uint64_t helper_cmptun (uint64_t a, uint64_t b)

{

    float64 fa, fb;



    fa = t_to_float64(a);

    fb = t_to_float64(b);



    if (float64_is_quiet_nan(fa) || float64_is_quiet_nan(fb))

        return 0x4000000000000000ULL;

    else

        return 0;

}
",False,qemu,a4d2d1a063897b859b7f25e414b229370b679bc8
16358,"static void vp8_decode_flush(AVCodecContext *avctx)

{

    vp8_decode_flush_impl(avctx, 0, 0);

}
",True,FFmpeg,bfa0f96586fe2c257cfa574ffb991da493a54da1
22626,"static void evaluate_utility_inc(elbg_data *elbg)

{

    int i, inc=0;



    for (i=0; i < elbg->numCB; i++) {

        if (elbg->numCB*elbg->utility[i] > elbg->error)

            inc += elbg->utility[i];

        elbg->utility_inc[i] = inc;

    }

}
",True,FFmpeg,87ecefdab0097537c5c30014e57b19113ab05eee
12373,"static void arm_cpu_register_types(void)

{

    int i;



    type_register_static(&arm_cpu_type_info);

    for (i = 0; i < ARRAY_SIZE(arm_cpus); i++) {

        cpu_register(&arm_cpus[i]);

    }

}
",False,qemu,83e6813a93e38976391b8c382c3375e3e188df3e
21282,"static void on_vcpu(CPUState *env, void (*func)(void *data), void *data)

{

    if (env == cpu_single_env) {

        func(data);

        return;

    }

    abort();

}
",True,qemu,fc5d642fcae392bbc9fed9ac6bc78ac29ed48372
22937,"void ff_put_h264_qpel4_mc03_msa(uint8_t *dst, const uint8_t *src,

                                ptrdiff_t stride)

{

    avc_luma_vt_qrt_4w_msa(src - (stride * 2), stride, dst, stride, 4, 1);

}
",False,FFmpeg,6796a1dd8c14843b77925cb83a3ef88706ae1dd0
16821,"int tcp_socket_outgoing_spec(const char *address_and_port)

{

    return inet_connect(address_and_port, true, NULL);

}
",False,qemu,02a08fef079469c005d48fe2d181f0e0eb5752ae
143,"struct vhost_net *vhost_net_init(VLANClientState *backend, int devfd,

                                 bool force)

{


    return NULL;

}",True,qemu,35f754620615138aaae0ef72602f84c88fd8de0f
25551,"void spapr_tce_reset(DMAContext *dma)

{

    if (dma) {

        sPAPRTCETable *tcet = DO_UPCAST(sPAPRTCETable, dma, dma);

        size_t table_size = (tcet->window_size >> SPAPR_TCE_PAGE_SHIFT)

            * sizeof(sPAPRTCE);



        memset(tcet->table, 0, table_size);

    }

}
",False,qemu,53724ee565565f69560dbe17553bede8c0169379
11732,"static void nbd_coroutine_start(NbdClientSession *s,

   struct nbd_request *request)

{

    /* Poor man semaphore.  The free_sema is locked when no other request

     * can be accepted, and unlocked after receiving one reply.  */

    if (s->in_flight >= MAX_NBD_REQUESTS - 1) {

        qemu_co_mutex_lock(&s->free_sema);

        assert(s->in_flight < MAX_NBD_REQUESTS);

    }

    s->in_flight++;



    /* s->recv_coroutine[i] is set as soon as we get the send_lock.  */

}
",True,qemu,9bc9732faeff09828fe38c0ebe2401ee131a6fca
15217,"static inline abi_long host_to_target_timespec(abi_ulong target_addr,

                                               struct timespec *host_ts)

{

    struct target_timespec *target_ts;



    if (!lock_user_struct(VERIFY_WRITE, target_ts, target_addr, 0))

        return -TARGET_EFAULT;

    target_ts->tv_sec = tswapal(host_ts->tv_sec);

    target_ts->tv_nsec = tswapal(host_ts->tv_nsec);

    unlock_user_struct(target_ts, target_addr, 1);

    return 0;

}
",True,qemu,c7e35da348e2e4df072e6979c48fa5283e07d1db
521,"static int bdrv_rd_badreq_sectors(BlockDriverState *bs,

                                  int64_t sector_num, int nb_sectors)

{

    return

        nb_sectors < 0 ||

        sector_num < 0 ||

        nb_sectors > bs->total_sectors ||

        sector_num > bs->total_sectors - nb_sectors;

}
",True,qemu,b5eff355460643d09e533024360fe0522f368c07
25706,"static bool msi_is_masked(const PCIDevice *dev, unsigned int vector)

{

    uint16_t flags = pci_get_word(dev->config + msi_flags_off(dev));

    uint32_t mask;

    assert(vector < PCI_MSI_VECTORS_MAX);



    if (!(flags & PCI_MSI_FLAGS_MASKBIT)) {

        return false;

    }



    mask = pci_get_long(dev->config +

                        msi_mask_off(dev, flags & PCI_MSI_FLAGS_64BIT));

    return mask & (1U << vector);

}
",False,qemu,428c3ece97179557f2753071fb0ca97a03437267
12419,"static inline void check_for_slice(AVSContext *h) {

    GetBitContext *gb = &h->s.gb;

    int align;



    if(h->mbx)

        return;

    align = (-get_bits_count(gb)) & 7;

    if((show_bits_long(gb,24+align) & 0xFFFFFF) == 0x000001) {

        skip_bits_long(gb,24+align);

        h->stc = get_bits(gb,8);

        decode_slice_header(h,gb);

    }

}
",False,FFmpeg,88db5551cf1ced4ea3e5e8bd5b684d2dc74b1ed2
15973,"static int pci_unin_map_irq(PCIDevice *pci_dev, int irq_num)

{

    int retval;

    int devfn = pci_dev->devfn & 0x00FFFFFF;



    retval = (((devfn >> 11) & 0x1F) + irq_num) & 3;



    return retval;

}
",False,qemu,9be385980d37e8f4fd33f605f5fb1c3d144170a8
2985,"static void term_read(void *opaque, const uint8_t *buf, int size)

{

    int i;

    for(i = 0; i < size; i++)

        term_handle_byte(buf[i]);

}
",False,qemu,7e2515e87c41e2e658aaed466e11cbdf1ea8bcb1
23511,"size_t virtio_serial_guest_ready(VirtIOSerialPort *port)

{

    VirtQueue *vq = port->ivq;

    unsigned int bytes;



    if (!virtio_queue_ready(vq) ||

        !(port->vser->vdev.status & VIRTIO_CONFIG_S_DRIVER_OK) ||

        virtio_queue_empty(vq)) {

        return 0;

    }

    if (use_multiport(port->vser) && !port->guest_connected) {

        return 0;

    }

    virtqueue_get_avail_bytes(vq, &bytes, NULL);

    return bytes;

}
",False,qemu,e1f7b4812eab992de46c98b3726745afb042a7f0
14918,"float32 HELPER(ucf64_sf2si)(float32 x, CPUUniCore32State *env)

{

    return ucf64_itos(float32_to_int32(x, &env->ucf64.fp_status));

}
",False,qemu,e8ede0a8bb5298a6979bcf7ed84ef64a64a4e3fe
14943,"static void omap_i2c_set_slave_addr(OMAPI2C *s, uint8_t addr)

{

    uint16_t data = addr;



    memwrite(s->addr + OMAP_I2C_SA, &data, 2);

    memread(s->addr + OMAP_I2C_SA, &data, 2);

    g_assert_cmphex(data, ==, addr);

}
",True,qemu,d0bce760e04b1658a3b4ac95be2839ae20fd86db
16584,"static void virt_class_init(ObjectClass *oc, void *data)

{

    MachineClass *mc = MACHINE_CLASS(oc);



    mc->desc = ""ARM Virtual Machine"",

    mc->init = machvirt_init;

    mc->max_cpus = 8;

    mc->has_dynamic_sysbus = true;

    mc->block_default_type = IF_VIRTIO;

    mc->no_cdrom = 1;

}
",False,qemu,b92ad3949bc9cacd1652b4e07e7f6003b9e512af
2521,"static uint64_t bonito_pciconf_readl(void *opaque, target_phys_addr_t addr,

                                     unsigned size)

{



    PCIBonitoState *s = opaque;

    PCIDevice *d = PCI_DEVICE(s);



    DPRINTF(""bonito_pciconf_readl ""TARGET_FMT_plx""\n"", addr);

    return d->config_read(d, addr, 4);

}
",False,qemu,a8170e5e97ad17ca169c64ba87ae2f53850dab4c
11613,"static void qerror_abort(const QError *qerr, const char *fmt, ...)

{

    va_list ap;



    fprintf(stderr, ""qerror: bad call in function '%s':\n"", qerr->func);

    fprintf(stderr, ""qerror: -> "");



    va_start(ap, fmt);

    vfprintf(stderr, fmt, ap);

    va_end(ap);



    fprintf(stderr, ""\nqerror: call at %s:%d\n"", qerr->file, qerr->linenr);

    abort();

}
",False,qemu,8b7968f7c4ac8c07cad6a1a0891d38cf239a2839
5757,"void rgb8tobgr8(const uint8_t *src, uint8_t *dst, long src_size)

{

	long i;

	long num_pixels = src_size;

	for(i=0; i<num_pixels; i++)

	{

	    unsigned b,g,r;

	    register uint8_t rgb;

	    rgb = src[i];

	    r = (rgb&0x07);

	    g = (rgb&0x38)>>3;

	    b = (rgb&0xC0)>>6;

	    dst[i] = ((b<<1)&0x07) | ((g&0x07)<<3) | ((r&0x03)<<6);

	}

}
",True,FFmpeg,6e42e6c4b410dbef8b593c2d796a5dad95f89ee4
8566,"void xen_be_unbind_evtchn(struct XenDevice *xendev)

{

    if (xendev->local_port == -1) {

        return;

    }

    qemu_set_fd_handler(xc_evtchn_fd(xendev->evtchndev), NULL, NULL, NULL);

    xc_evtchn_unbind(xendev->evtchndev, xendev->local_port);

    xen_be_printf(xendev, 2, ""unbind evtchn port %d\n"", xendev->local_port);

    xendev->local_port = -1;

}
",False,qemu,a2db2a1edd06a50b8a862c654cf993368cf9f1d9
21864,"static void discard_vq_data(VirtQueue *vq, VirtIODevice *vdev)

{

    VirtQueueElement elem;



    if (!virtio_queue_ready(vq)) {

        return;

    }

    while (virtqueue_pop(vq, &elem)) {

        virtqueue_push(vq, &elem, 0);

    }

    virtio_notify(vdev, vq);

}
",False,qemu,51b19ebe4320f3dcd93cea71235c1219318ddfd2
17636,"static BlockAIOCB *raw_aio_readv(BlockDriverState *bs,

        int64_t sector_num, QEMUIOVector *qiov, int nb_sectors,

        BlockCompletionFunc *cb, void *opaque)

{

    return raw_aio_submit(bs, sector_num, qiov, nb_sectors,

                          cb, opaque, QEMU_AIO_READ);

}
",False,qemu,2174f12bdeb3974141784e14bbb7ad8c53178cd9
18278,"void ram_handle_compressed(void *host, uint8_t ch, uint64_t size)

{

    if (ch != 0 || !is_zero_range(host, size)) {

        memset(host, ch, size);

#ifndef _WIN32

        if (ch == 0 && (!kvm_enabled() || kvm_has_sync_mmu())) {

            size = size & ~(getpagesize() - 1);

            if (size > 0) {

                qemu_madvise(host, size, QEMU_MADV_DONTNEED);

            }

        }

#endif

    }

}
",False,qemu,fc1c4a5d32e15a4c40c47945da85ef9c1e0c1b54
25498,"static void pnv_chip_power9_class_init(ObjectClass *klass, void *data)

{

    DeviceClass *dc = DEVICE_CLASS(klass);

    PnvChipClass *k = PNV_CHIP_CLASS(klass);



    k->cpu_model = ""POWER9"";

    k->chip_type = PNV_CHIP_POWER9;

    k->chip_cfam_id = 0x100d104980000000ull; /* P9 Nimbus DD1.0 */

    k->cores_mask = POWER9_CORE_MASK;

    k->core_pir = pnv_chip_core_pir_p9;


    dc->desc = ""PowerNV Chip POWER9"";

}",True,qemu,967b75230b9720ea2b3ae49f38f8287026125f9f
6207,"static void gen_mtsr(DisasContext *ctx)

{

#if defined(CONFIG_USER_ONLY)

    gen_inval_exception(ctx, POWERPC_EXCP_PRIV_REG);

#else

    TCGv t0;

    if (unlikely(ctx->pr)) {

        gen_inval_exception(ctx, POWERPC_EXCP_PRIV_REG);

        return;

    }

    t0 = tcg_const_tl(SR(ctx->opcode));

    gen_helper_store_sr(cpu_env, t0, cpu_gpr[rS(ctx->opcode)]);

    tcg_temp_free(t0);

#endif

}
",True,qemu,9b2fadda3e0196ffd485adde4fe9cdd6fae35300
10193,"static int coroutine_fn raw_co_preadv(BlockDriverState *bs, uint64_t offset,

                                      uint64_t bytes, QEMUIOVector *qiov,

                                      int flags)

{

    BDRVRawState *s = bs->opaque;



    if (offset > UINT64_MAX - s->offset) {

        return -EINVAL;

    }

    offset += s->offset;



    BLKDBG_EVENT(bs->file, BLKDBG_READ_AIO);

    return bdrv_co_preadv(bs->file, offset, bytes, qiov, flags);

}
",False,qemu,2e6fc7eb1a4af1b127df5f07b8bb28af891946fa
155,"static void ehci_mem_writew(void *ptr, target_phys_addr_t addr, uint32_t val)

{

    fprintf(stderr, ""EHCI doesn't handle 16-bit writes to MMIO\n"");

    exit(1);

}
",True,qemu,3e4f910c8d490a1490409a7e381dbbb229f9d272
26275,"void qemu_mutex_lock_iothread(void)

{

    if (kvm_enabled()) {

        qemu_mutex_lock(&qemu_fair_mutex);

        qemu_mutex_lock(&qemu_global_mutex);

        qemu_mutex_unlock(&qemu_fair_mutex);

    } else

        qemu_signal_lock(100);

}
",False,qemu,1a28cac3161f8a85ee0256776068eaed2da025e5
11402,"static void gen_load_fpr32h(TCGv_i32 t, int reg)

{

    TCGv_i64 t64 = tcg_temp_new_i64();

    tcg_gen_shri_i64(t64, fpu_f64[reg], 32);

    tcg_gen_trunc_i64_i32(t, t64);

    tcg_temp_free_i64(t64);

}
",False,qemu,7f6613cedc59fa849105668ae971dc31004bca1c
2034,"START_TEST(qobject_to_qint_test)

{

    QInt *qi;



    qi = qint_from_int(0);

    fail_unless(qobject_to_qint(QOBJECT(qi)) == qi);



    QDECREF(qi);

}
",False,qemu,65cdadd2e2de76f7db3bf6b7d8dd8c67abff9659
13820,"static void nested_struct_cleanup(UserDefNested *udnp)

{

    qapi_free_UserDefNested(udnp);

}
",False,qemu,b6fcf32d9b851a83dedcb609091236b97cc4a985
12801,"static void iothread_instance_finalize(Object *obj)

{

    IOThread *iothread = IOTHREAD(obj);



    iothread_stop(obj, NULL);

    qemu_cond_destroy(&iothread->init_done_cond);

    qemu_mutex_destroy(&iothread->init_done_lock);




    aio_context_unref(iothread->ctx);
",True,qemu,eb7b5c35117bfb90dcfa881a0e3b23368c73fba6
12259,"static ExitStatus trans_fop_dew_0e(DisasContext *ctx, uint32_t insn,

                                   const DisasInsn *di)

{

    unsigned rt = extract32(insn, 0, 5);

    unsigned ra = assemble_ra64(insn);

    return do_fop_dew(ctx, rt, ra, di->f_dew);

}
",True,qemu,eff235eb2bcd7092901f4698a7907e742f3b7f2f
7021,"void slirp_output(const uint8_t *pkt, int pkt_len)

{

#ifdef DEBUG_SLIRP

    printf(""slirp output:\n"");

    hex_dump(stdout, pkt, pkt_len);

#endif

    if (!slirp_vc)

        return;

    qemu_send_packet(slirp_vc, pkt, pkt_len);

}
",False,qemu,d6cf84e1de0a167963f0803d6e39f6ca03e27eaa
21564,"BlockStatsList *qmp_query_blockstats(Error **errp)
{
    BlockStatsList *head = NULL, **p_next = &head;
    BlockDriverState *bs = NULL;
     while ((bs = bdrv_next(bs))) {
        BlockStatsList *info = g_malloc0(sizeof(*info));
        info->value = bdrv_query_stats(bs);
        *p_next = info;
        p_next = &info->next;
    }
    return head;
}",True,qemu,13344f3a17e0a785c0eb8e36f69518f21aa8a91a
19372,"static void isapc_machine_options(MachineClass *m)

{

    pc_common_machine_options(m);

    m->desc = ""ISA-only PC"";

    m->max_cpus = 1;

}
",False,qemu,41742767bfa8127954b6f57b39b590adcde3ac6c
27183,"static int mpegts_read_packet(AVFormatContext *s,

                              AVPacket *pkt)

{

    MpegTSContext *ts = s->priv_data;



    if (!ts->mpeg2ts_raw) {

        ts->pkt = pkt;

        return handle_packets(ts, 0);

    } else {

        return mpegts_raw_read_packet(s, pkt);

    }

}
",False,FFmpeg,38c48be213b86baa04e64762622afefbba1afa70
14781,"static size_t buffered_set_rate_limit(void *opaque, size_t new_rate)

{

    QEMUFileBuffered *s = opaque;



    if (s->has_error)

        goto out;



    s->xfer_limit = new_rate / 10;

    

out:

    return s->xfer_limit;

}
",False,qemu,3d002df33eb034757d98e1ae529318f57df78f91
5464,"static int jazz_led_init(SysBusDevice *dev)

{

    LedState *s = FROM_SYSBUS(LedState, dev);



    memory_region_init_io(&s->iomem, &led_ops, s, ""led"", 1);

    sysbus_init_mmio(dev, &s->iomem);



    s->con = graphic_console_init(jazz_led_update_display,

                                  jazz_led_invalidate_display,

                                  NULL,

                                  jazz_led_text_update, s);



    return 0;

}
",False,qemu,2c62f08ddbf3fa80dc7202eb9a2ea60ae44e2cc5
5880,"static void gicv3_cpuif_el_change_hook(ARMCPU *cpu, void *opaque)

{

    /* Do nothing for now. */

}
",False,qemu,f7b9358e2cf12a5eb07f5f9301fdadc932f9ee03
16569,"static void phys_page_set(target_phys_addr_t index, target_phys_addr_t nb,

                          uint16_t leaf)

{

    /* Wildly overreserve - it doesn't matter much. */

    phys_map_node_reserve(3 * P_L2_LEVELS);



    phys_page_set_level(&phys_map, &index, &nb, leaf, P_L2_LEVELS - 1);

}
",False,qemu,ac1970fbe8ad5a70174f462109ac0f6c7bf1bc43
14099,"static void gen_dcbz(DisasContext *ctx)

{

    TCGv tcgv_addr;

    TCGv_i32 tcgv_is_dcbzl;

    int is_dcbzl = ctx->opcode & 0x00200000 ? 1 : 0;



    gen_set_access_type(ctx, ACCESS_CACHE);

    tcgv_addr = tcg_temp_new();

    tcgv_is_dcbzl = tcg_const_i32(is_dcbzl);



    gen_addr_reg_index(ctx, tcgv_addr);

    gen_helper_dcbz(cpu_env, tcgv_addr, tcgv_is_dcbzl);



    tcg_temp_free(tcgv_addr);

    tcg_temp_free_i32(tcgv_is_dcbzl);

}
",True,qemu,c9f82d013be0d8d9c5d9f51bb76e337a0a5a5cac
16252,"static void migrate_put_status(QDict *qdict, const char *name,

                               uint64_t trans, uint64_t rem, uint64_t total)

{

    QObject *obj;



    obj = qobject_from_jsonf(""{ 'transferred': %"" PRId64 "", ""

                               ""'remaining': %"" PRId64 "", ""

                               ""'total': %"" PRId64 "" }"", trans, rem, total);

    assert(obj != NULL);



    qdict_put_obj(qdict, name, obj);

}
",False,qemu,ba14414174b72fa231997243a9650feaa520d054
8311,"static int context_init(H264Context *h){

    CHECKED_ALLOCZ(h->top_borders[0], h->s.mb_width * (16+8+8) * sizeof(uint8_t))

    CHECKED_ALLOCZ(h->top_borders[1], h->s.mb_width * (16+8+8) * sizeof(uint8_t))



    return 0;

fail:

    return -1; // free_tables will clean up for us

}
",False,FFmpeg,d31dbec3742e488156621b9ca21069f8c05aabf0
6921,"void bdrv_drained_begin(BlockDriverState *bs)

{

    if (!bs->quiesce_counter++) {

        aio_disable_external(bdrv_get_aio_context(bs));

        bdrv_parent_drained_begin(bs);

    }



    bdrv_io_unplugged_begin(bs);

    bdrv_drain_recurse(bs);

    if (qemu_in_coroutine()) {

        bdrv_co_yield_to_drain(bs);

    } else {

        bdrv_drain_poll(bs);

    }

    bdrv_io_unplugged_end(bs);

}
",False,qemu,d42cf28837801cd1f835089fe9db2a42a1af55cd
12308,"BalloonInfo *qmp_query_balloon(Error **errp)

{

    BalloonInfo *info;



    if (kvm_enabled() && !kvm_has_sync_mmu()) {

        error_set(errp, QERR_KVM_MISSING_CAP, ""synchronous MMU"", ""balloon"");

        return NULL;

    }



    info = g_malloc0(sizeof(*info));



    if (qemu_balloon_status(info) == 0) {

        error_set(errp, QERR_DEVICE_NOT_ACTIVE, ""balloon"");

        qapi_free_BalloonInfo(info);

        return NULL;

    }



    return info;

}
",False,qemu,6502a14734e71b2f6dd079b0a1e546e6aa2d2f8d
13592,"void g_free(void *ptr)

{

    __coverity_free__(ptr);

    __coverity_mark_as_afm_freed__(ptr, AFM_free);

}
",False,qemu,7ad4c7200111d20eb97eed4f46b6026e3f0b0eef
19357,"static uint32_t qvirtio_pci_config_readl(QVirtioDevice *d, uint64_t off)

{

    QVirtioPCIDevice *dev = (QVirtioPCIDevice *)d;

    uint32_t value;



    value = qpci_io_readl(dev->pdev, CONFIG_BASE(dev) + off);

    if (qvirtio_is_big_endian(d)) {

        value = bswap32(value);

    }

    return value;

}
",True,qemu,b4ba67d9a702507793c2724e56f98e9b0f7be02b
4575,"static int rwpipe_read_ppm_header( rwpipe *rw, int *width, int *height )

{

    char line[ 3 ];

    FILE *in = rwpipe_reader( rw );

    int max;



    fgets( line, 3, in );

    if ( !strncmp( line, ""P6"", 2 ) )

    {

        *width = rwpipe_read_number( rw );

        *height = rwpipe_read_number( rw );

        max = rwpipe_read_number( rw );

        return max != 255 || *width <= 0 || *height <= 0;

    }

    return 1;

}
",False,FFmpeg,7e10145976866fc6227d3ccc697a7c9fee862a77
13459,"int cpu_get_dump_info(ArchDumpInfo *info)

{

    return -1;

}
",True,qemu,56c4bfb3f07f3107894c00281276aea4f5e8834d
27036,"static inline void cris_fidx_i(unsigned int x)

{

	register unsigned int v asm(""$r10"") = x;

	asm (""fidxi\t[%0]\n"" : : ""r"" (v) );

}
",True,qemu,21ce148c7ec71ee32834061355a5ecfd1a11f90f
17623,"static bool bdrv_drain_one(BlockDriverState *bs)

{

    bool bs_busy;



    bdrv_flush_io_queue(bs);

    bdrv_start_throttled_reqs(bs);

    bs_busy = bdrv_requests_pending(bs);

    bs_busy |= aio_poll(bdrv_get_aio_context(bs), bs_busy);

    return bs_busy;

}
",False,qemu,61007b316cd71ee7333ff7a0a749a8949527575f
4636,"static void disable_interrupt(EEPRO100State * s)

{

    if (s->int_stat) {

        logout(""interrupt disabled\n"");

        qemu_irq_lower(s->pci_dev->irq[0]);

        s->int_stat = 0;

    }

}
",False,qemu,273a2142176098fe2c27f263d86ad66b133b43cb
9334,"void qmp_migrate_set_capabilities(MigrationCapabilityStatusList *params,

                                  Error **errp)

{

    MigrationState *s = migrate_get_current();

    MigrationCapabilityStatusList *cap;



    if (s->state == MIG_STATE_ACTIVE || s->state == MIG_STATE_SETUP) {

        error_set(errp, QERR_MIGRATION_ACTIVE);

        return;

    }



    for (cap = params; cap; cap = cap->next) {

        s->enabled_capabilities[cap->value->capability] = cap->value->state;

    }

}
",True,qemu,60fe637bf0e4d7989e21e50f52526444765c63b4
5041,"static void core_region_nop(MemoryListener *listener,

                            MemoryRegionSection *section)

{

    cpu_register_physical_memory_log(section, section->readonly);

}
",False,qemu,ac1970fbe8ad5a70174f462109ac0f6c7bf1bc43
26647,"static gboolean io_watch_poll_check(GSource *source)

{

    IOWatchPoll *iwp = io_watch_poll_from_source(source);



    if (iwp->max_size == 0) {

        return FALSE;

    }



    return g_io_watch_funcs.check(source);

}
",False,qemu,d185c094b404b4ff392b77d1244c0233da7d53bd
3992,"void exec_start_incoming_migration(const char *command, Error **errp)

{

    QEMUFile *f;



    DPRINTF(""Attempting to start an incoming migration\n"");

    f = qemu_popen_cmd(command, ""r"");

    if(f == NULL) {

        error_setg_errno(errp, errno, ""failed to popen the migration source"");

        return;

    }



    qemu_set_fd_handler2(qemu_get_fd(f), NULL,

			 exec_accept_incoming_migration, NULL, f);

}
",True,qemu,60fe637bf0e4d7989e21e50f52526444765c63b4
5002,"void *qemu_memalign(size_t alignment, size_t size)

{

    if (!size) {

        abort();

    }

    return oom_check(VirtualAlloc(NULL, size, MEM_COMMIT, PAGE_READWRITE));

}
",True,qemu,cd245a19329edfcd968b00d05ad92de7a0e2daa1
3461,"void bdrv_flush(BlockDriverState *bs)
{
    if (bs->drv && bs->drv->bdrv_flush)
        bs->drv->bdrv_flush(bs);",True,qemu,016f5cf6ff465411733878a17c8f8febb7668321
12203,"static BlockDriver *bdrv_probe_all(const uint8_t *buf, int buf_size,

                                   const char *filename)

{

    int score_max = 0, score;

    BlockDriver *drv = NULL, *d;



    QLIST_FOREACH(d, &bdrv_drivers, list) {

        if (d->bdrv_probe) {

            score = d->bdrv_probe(buf, buf_size, filename);

            if (score > score_max) {

                score_max = score;

                drv = d;

            }

        }

    }



    return drv;

}
",True,qemu,38f3ef574b48afc507c6f636ae4393fd36bda072
17734,"static int asf_probe(AVProbeData *pd)

{

    /* check file header */

    if (pd->buf_size <= 32)

        return 0;



    if (!memcmp(pd->buf, &asf_header, sizeof(GUID)))

        return AVPROBE_SCORE_MAX;

    else

        return 0;

}
",False,FFmpeg,87e8788680e16c51f6048af26f3f7830c35207a5
24502,"int bdrv_snapshot_list(BlockDriverState *bs,

                       QEMUSnapshotInfo **psn_info)

{

    BlockDriver *drv = bs->drv;

    if (!drv)

        return -ENOMEDIUM;

    if (drv->bdrv_snapshot_list)

        return drv->bdrv_snapshot_list(bs, psn_info);

    if (bs->file)

        return bdrv_snapshot_list(bs->file, psn_info);

    return -ENOTSUP;

}
",False,qemu,de08c606f9ddafe647b6843e2b10a6d6030b0fc0
10575,"int kvm_has_xcrs(void)

{

    return kvm_state->xcrs;

}
",False,qemu,28143b409f698210d85165ca518235ac7e7c5ac5
3774,"void qdev_set_parent_bus(DeviceState *dev, BusState *bus)

{

    Property *prop;



    if (qdev_hotplug) {

        assert(bus->allow_hotplug);

    }



    dev->parent_bus = bus;

    QTAILQ_INSERT_HEAD(&bus->children, dev, sibling);



    qdev_prop_set_defaults(dev, dev->parent_bus->info->props);

    for (prop = qdev_get_bus_info(dev)->props; prop && prop->name; prop++) {

        qdev_property_add_legacy(dev, prop, NULL);

        qdev_property_add_static(dev, prop, NULL);

    }

}
",False,qemu,4f2d3d705c1ae7dce29254e2c4645c84e77a74d4
7487,"static void do_spawn_thread(ThreadPool *pool)

{

    QemuThread t;



    /* Runs with lock taken.  */

    if (!pool->new_threads) {

        return;

    }



    pool->new_threads--;

    pool->pending_threads++;



    qemu_thread_create(&t, ""worker"", worker_thread, pool, QEMU_THREAD_DETACHED);

}
",False,qemu,c2b38b277a7882a592f4f2ec955084b2b756daaa
25232,"void kvmppc_update_sdr1(target_ulong sdr1)

{

    CPUState *cs;



    CPU_FOREACH(cs) {

        run_on_cpu(cs, kvmppc_pivot_hpt_cpu, RUN_ON_CPU_TARGET_PTR(sdr1));

    }

}
",False,qemu,1ec26c757d5996468afcc0dced4fad04139574b3
6626,"static int film_probe(AVProbeData *p)
{
    if (AV_RB32(&p->buf[0]) != FILM_TAG)
    return AVPROBE_SCORE_MAX;
}",True,FFmpeg,3e6b7bbce510c53b4d7962f29aaf745c9b729775
8374,"static void rng_egd_finalize(Object *obj)

{

    RngEgd *s = RNG_EGD(obj);



    if (s->chr) {

        qemu_chr_add_handlers(s->chr, NULL, NULL, NULL, NULL);

        qemu_chr_fe_release(s->chr);

    }



    g_free(s->chr_name);



    rng_egd_free_requests(s);

}
",False,qemu,9f14b0add1dcdbfa2ee61051d068211fb0a1fcc9
13180,"void *qemu_try_blockalign0(BlockDriverState *bs, size_t size)

{

    void *mem = qemu_try_blockalign(bs, size);



    if (mem) {

        memset(mem, 0, size);

    }



    return mem;

}
",False,qemu,61007b316cd71ee7333ff7a0a749a8949527575f
26997,"static int scale_vector(int16_t *dst, const int16_t *vector, int length)

{

    int bits, max = 0;

    int i;



    for (i = 0; i < length; i++)

        max |= FFABS(vector[i]);



    bits  = normalize_bits(max, 15);



    if (bits == 15)

        for (i = 0; i < length; i++)

            dst[i] = vector[i] * 0x7fff >> 3;

    else

        for (i = 0; i < length; i++)

            dst[i] = vector[i] << bits >> 3;



    return bits - 3;

}
",True,FFmpeg,20035fa24103da9199de3515ca75ba1f6bb275aa
9408,"static av_cold int m101_decode_init(AVCodecContext *avctx)

{

    if (avctx->extradata_size < 6*4)

        return AVERROR_INVALIDDATA;



    if (avctx->extradata[2*4] == 10)

        avctx->pix_fmt = AV_PIX_FMT_YUV422P10;

    else

        avctx->pix_fmt = AV_PIX_FMT_YUYV422;





    return 0;

}
",True,FFmpeg,42ee137a0a7d025f77964e38b438d00095e6dd11
13836,"static int query_format(struct vf_instance *vf, unsigned int fmt)

{

        /* FIXME - really any YUV 4:2:0 input format should work */

        switch (fmt) {

        case IMGFMT_YV12:

        case IMGFMT_IYUV:

        case IMGFMT_I420:

                return ff_vf_next_query_format(vf, IMGFMT_YV12);

        }

        return 0;

}
",True,FFmpeg,2f11aa141a01f97c5d2a015bd9dbdb27314b79c4
2584,"static int vmsvga_post_load(void *opaque, int version_id)

{

    struct vmsvga_state_s *s = opaque;



    s->invalidated = 1;

    if (s->config)

        s->fifo = (uint32_t *) s->fifo_ptr;



    return 0;

}
",False,qemu,0d7937974cd0504f30ad483c3368b21da426ddf9
2559,"static int v9fs_synth_fstat(FsContext *fs_ctx, int fid_type,

                            V9fsFidOpenState *fs, struct stat *stbuf)

{

    V9fsSynthOpenState *synth_open = fs->private;

    v9fs_synth_fill_statbuf(synth_open->node, stbuf);

    return 0;

}
",False,qemu,364031f17932814484657e5551ba12957d993d7e
12004,"static int gen_set_psr_im(DisasContext *s, uint32_t mask, int spsr, uint32_t val)

{

    TCGv tmp;

    tmp = new_tmp();

    tcg_gen_movi_i32(tmp, val);

    return gen_set_psr(s, mask, spsr, tmp);

}
",True,qemu,7d1b0095bff7157e856d1d0e6c4295641ced2752
6153,"int bdrv_has_zero_init(BlockDriverState *bs)

{

    assert(bs->drv);



    if (bs->drv->bdrv_has_zero_init) {

        return bs->drv->bdrv_has_zero_init(bs);

    }



    return 1;

}
",True,qemu,3ac216270a62418519c08e88c17005a8f1539cf2
19282,"static int au_write_trailer(AVFormatContext *s)

{

    AVIOContext *pb = s->pb;

    int64_t file_size;



    if (s->pb->seekable) {

        /* update file size */

        file_size = avio_tell(pb);

        avio_seek(pb, 8, SEEK_SET);

        avio_wb32(pb, (uint32_t)(file_size - 24));

        avio_seek(pb, file_size, SEEK_SET);

        avio_flush(pb);

    }



    return 0;

}
",False,FFmpeg,83548fe894cdb455cc127f754d09905b6d23c173
5027,"static void xen_log_stop(MemoryListener *listener, MemoryRegionSection *section)

{

    XenIOState *state = container_of(listener, XenIOState, memory_listener);



    state->log_for_dirtybit = NULL;

    /* Disable dirty bit tracking */

    xc_hvm_track_dirty_vram(xen_xc, xen_domid, 0, 0, NULL);

}
",False,qemu,b2dfd71c4843a762f2befe702adb249cf55baf66
11930,"static int stdio_get_buffer(void *opaque, uint8_t *buf, int64_t pos, int size)

{

    QEMUFileStdio *s = opaque;

    FILE *fp = s->stdio_file;

    int bytes;



    do {

        clearerr(fp);

        bytes = fread(buf, 1, size, fp);

    } while ((bytes == 0) && ferror(fp) && (errno == EINTR));

    return bytes;

}
",True,qemu,595ab64169be9063d64c3b1aa1c249fbe2662221
23911,"int monitor_set_cpu(int cpu_index)

{

    CPUState *cpu;



    cpu = qemu_get_cpu(cpu_index);

    if (cpu == NULL) {

        return -1;

    }

    cur_mon->mon_cpu = cpu;

    return 0;

}
",True,qemu,751f8cfe2a556b3ef49f6af2860e2d1d2a1ec66a
19252,"int pcnet_can_receive(NetClientState *nc)

{

    PCNetState *s = qemu_get_nic_opaque(nc);

    if (CSR_STOP(s) || CSR_SPND(s))

        return 0;



    return sizeof(s->buffer)-16;

}
",False,qemu,b0ba0b9b6b402d738f11f27eea6c94d97bf84cbf
4913,"START_TEST(qdict_get_int_test)

{

    int ret;

    const int value = 100;

    const char *key = ""int"";



    qdict_put(tests_dict, key, qint_from_int(value));



    ret = qdict_get_int(tests_dict, key);

    fail_unless(ret == value);

}
",False,qemu,ac531cb6e542b1e61d668604adf9dc5306a948c0
5036,"static int vtd_int_remap(X86IOMMUState *iommu, MSIMessage *src,

                         MSIMessage *dst, uint16_t sid)

{

    return vtd_interrupt_remap_msi(INTEL_IOMMU_DEVICE(iommu), src, dst);

}
",False,qemu,ede9c94acf6cd1968de4188c0228b714ab871a86
17825,"av_cold void ff_vp9dsp_init(VP9DSPContext *dsp)

{

    vp9dsp_intrapred_init(dsp);

    vp9dsp_itxfm_init(dsp);

    vp9dsp_loopfilter_init(dsp);

    vp9dsp_mc_init(dsp);





    if (ARCH_X86)

        ff_vp9dsp_init_x86(dsp);

}",True,FFmpeg,ffbd1d2b0002576ef0d976a41ff959c635373fdc
2385,"static void opt_frame_pix_fmt(const char *arg)

{

    if (strcmp(arg, ""list""))

        frame_pix_fmt = avcodec_get_pix_fmt(arg);

    else {

        list_fmts(avcodec_pix_fmt_string, PIX_FMT_NB);

        av_exit(0);

    }

}
",True,FFmpeg,90da2b50865549e086d4491cbb2bdc54af38ea4f
19366,"int blk_mig_active(void)

{

    return !QSIMPLEQ_EMPTY(&block_mig_state.bmds_list);

}
",True,qemu,60fe637bf0e4d7989e21e50f52526444765c63b4
18146,"void helper_fdmulq(CPUSPARCState *env, float64 src1, float64 src2)

{

    clear_float_exceptions(env);

    QT0 = float128_mul(float64_to_float128(src1, &env->fp_status),

                       float64_to_float128(src2, &env->fp_status),

                       &env->fp_status);

    check_ieee_exceptions(env);

}
",False,qemu,7385aed20db5d83979f683b9d0048674411e963c
23653,"static av_cold int smc_decode_init(AVCodecContext *avctx)

{

    SmcContext *s = avctx->priv_data;



    s->avctx = avctx;

    avctx->pix_fmt = AV_PIX_FMT_PAL8;



    s->frame.data[0] = NULL;



    return 0;

}
",False,FFmpeg,3b199d29cd597a3518136d78860e172060b9e83d
16894,"static void gen_logicq_cc(TCGv val)

{

    TCGv tmp = new_tmp();

    gen_helper_logicq_cc(tmp, val);

    gen_logic_CC(tmp);

    dead_tmp(tmp);

}
",False,qemu,a7812ae412311d7d47f8aa85656faadac9d64b56
23022,"static int config_props(AVFilterLink *link)

{

    UnsharpContext *unsharp = link->dst->priv;

    const AVPixFmtDescriptor *desc = av_pix_fmt_desc_get(link->format);



    unsharp->hsub = desc->log2_chroma_w;

    unsharp->vsub = desc->log2_chroma_h;



    init_filter_param(link->dst, &unsharp->luma,   ""luma"",   link->w);

    init_filter_param(link->dst, &unsharp->chroma, ""chroma"", SHIFTUP(link->w, unsharp->hsub));



    return 0;

}
",False,FFmpeg,ef4c71e8f83a46fb31a11f0a066efb90821c579f
8218,"static av_cold int indeo3_decode_end(AVCodecContext *avctx)
{
    Indeo3DecodeContext *s = avctx->priv_data;
    iv_free_func(s);
    return 0;
}",True,FFmpeg,7f58eb3c2b552f232905731b5944307e72c590a0
18643,"void av_register_output_format(AVOutputFormat *format)

{

    AVOutputFormat **p = last_oformat;



    format->next = NULL;

    while(*p || avpriv_atomic_ptr_cas((void * volatile *)p, NULL, format))

        p = &(*p)->next;

    last_oformat = &format->next;

}
",True,FFmpeg,4cc896ea5f06f8b1ebcde6d876d9c5b59ef9a016
26521,"static int mov_read_chap(MOVContext *c, AVIOContext *pb, MOVAtom atom)

{

    c->chapter_track = avio_rb32(pb);

    return 0;

}
",False,FFmpeg,697400eac07c0614f6b9f2e7615563982dbcbe4a
4991,"static void FUNCC(pred8x8_horizontal)(uint8_t *_src, int stride){

    int i;

    pixel *src = (pixel*)_src;

    stride /= sizeof(pixel);



    for(i=0; i<8; i++){

        ((pixel4*)(src+i*stride))[0]=

        ((pixel4*)(src+i*stride))[1]= PIXEL_SPLAT_X4(src[-1+i*stride]);

    }

}
",True,FFmpeg,2caf19e90f270abe1e80a3e85acaf0eb5c9d0aac
14044,"static void adb_mouse_realizefn(DeviceState *dev, Error **errp)

{

    MouseState *s = ADB_MOUSE(dev);

    ADBMouseClass *amc = ADB_MOUSE_GET_CLASS(dev);



    amc->parent_realize(dev, errp);



    qemu_add_mouse_event_handler(adb_mouse_event, s, 0, ""QEMU ADB Mouse"");

}
",True,qemu,77cb0f5aafc8e6d0c6d3c339f381c9b7921648e0
18481,"static void i82374_isa_realize(DeviceState *dev, Error **errp)

{

    ISAi82374State *isa = I82374(dev);

    I82374State *s = &isa->state;

    PortioList *port_list = g_new(PortioList, 1);



    portio_list_init(port_list, OBJECT(isa), i82374_portio_list, s, ""i82374"");

    portio_list_add(port_list, isa_address_space_io(&isa->parent_obj),

                    isa->iobase);



    i82374_realize(s, errp);



    qdev_init_gpio_out(dev, &s->out, 1);

}
",True,qemu,848696bf353750899832c51005f1bd3540da5c29
18129,"static inline int32_t efsctsi(uint32_t val)

{

    CPU_FloatU u;



    u.l = val;

    /* NaN are not treated the same way IEEE 754 does */

    if (unlikely(float32_is_nan(u.f)))

        return 0;



    return float32_to_int32(u.f, &env->vec_status);

}
",False,qemu,185698715dfb18c82ad2a5dbc169908602d43e81
20222,"static void gen_interrupt(DisasContext *s, int intno,

                          target_ulong cur_eip, target_ulong next_eip)

{

    gen_update_cc_op(s);

    gen_jmp_im(cur_eip);

    gen_helper_raise_interrupt(cpu_env, tcg_const_i32(intno),

                               tcg_const_i32(next_eip - cur_eip));

    s->is_jmp = DISAS_TB_JUMP;

}
",False,qemu,1e39d97af086d525cd0408eaa5d19783ea165906
16109,"static void buffer_reset(Buffer *buffer)

{

	buffer->offset = 0;

}
",True,qemu,2f9606b3736c3be4dbd606c46525c7b770ced119
20436,"static inline void gen_op_eval_bgu(TCGv dst, TCGv_i32 src)

{

    gen_mov_reg_Z(cpu_tmp0, src);

    gen_mov_reg_C(dst, src);

    tcg_gen_or_tl(dst, dst, cpu_tmp0);

    tcg_gen_xori_tl(dst, dst, 0x1);

}
",False,qemu,de9e9d9f17a36ff76c1a02a5348835e5e0a081b0
298,"static void timerlist_rearm(QEMUTimerList *timer_list)

{

    /* Interrupt execution to force deadline recalculation.  */

    if (timer_list->clock->type == QEMU_CLOCK_VIRTUAL) {

        qemu_start_warp_timer();

    }

    timerlist_notify(timer_list);

}
",False,qemu,c2b38b277a7882a592f4f2ec955084b2b756daaa
4137,"static void hmp_change_read_arg(Monitor *mon, const char *password,

                                void *opaque)

{

    qmp_change_vnc_password(password, NULL);

    monitor_read_command(mon, 1);

}
",False,qemu,c60bf3391bf4cb79b7adc6650094e21671ddaabd
22546,"static void t_gen_cc_jmp(TCGv pc_true, TCGv pc_false)

{

	TCGv btaken;

	int l1;



	l1 = gen_new_label();

	btaken = tcg_temp_new(TCG_TYPE_TL);



	/* Conditional jmp.  */

	tcg_gen_mov_tl(btaken, env_btaken);

	tcg_gen_mov_tl(env_pc, pc_false);

	tcg_gen_brcondi_tl(TCG_COND_EQ, btaken, 0, l1);

	tcg_gen_mov_tl(env_pc, pc_true);

	gen_set_label(l1);



	tcg_temp_free(btaken);

}
",False,qemu,a7812ae412311d7d47f8aa85656faadac9d64b56
24937,"NBDExport *nbd_export_new(BlockDriverState *bs, off_t dev_offset,

                          off_t size, uint32_t nbdflags)

{

    NBDExport *exp = g_malloc0(sizeof(NBDExport));

    QSIMPLEQ_INIT(&exp->requests);

    exp->refcount = 1;

    QTAILQ_INIT(&exp->clients);

    exp->bs = bs;

    exp->dev_offset = dev_offset;

    exp->nbdflags = nbdflags;

    exp->size = size == -1 ? bdrv_getlength(bs) : size;

    return exp;

}
",False,qemu,0ddf08db22a9ef6b122d8c4cfe5b25d2c2c51962
12671,"static GenericList *qapi_dealloc_next_list(Visitor *v, GenericList **listp,

                                           size_t size)

{

    GenericList *list = *listp;

    QapiDeallocVisitor *qov = to_qov(v);

    StackEntry *e = QTAILQ_FIRST(&qov->stack);



    if (e && e->is_list_head) {

        e->is_list_head = false;

        return list;

    }



    if (list) {

        list = list->next;

        g_free(*listp);

        return list;

    }



    return NULL;

}
",False,qemu,d9f62dde1303286b24ac8ce88be27e2b9b9c5f46
6072,"void arm_translate_init(void)

{

    cpu_env = tcg_global_reg_new(TCG_TYPE_PTR, TCG_AREG0, ""env"");



    cpu_T[0] = tcg_global_reg_new(TCG_TYPE_I32, TCG_AREG1, ""T0"");

    cpu_T[1] = tcg_global_reg_new(TCG_TYPE_I32, TCG_AREG2, ""T1"");

}
",False,qemu,a7812ae412311d7d47f8aa85656faadac9d64b56
3234,"static void adb_kbd_put_keycode(void *opaque, int keycode)

{

    KBDState *s = opaque;



    if (s->count < sizeof(s->data)) {

        s->data[s->wptr] = keycode;

        if (++s->wptr == sizeof(s->data))

            s->wptr = 0;

        s->count++;

    }

}
",True,qemu,77cb0f5aafc8e6d0c6d3c339f381c9b7921648e0
24384,"e1000e_ring_empty(E1000ECore *core, const E1000E_RingInfo *r)

{

    return core->mac[r->dh] == core->mac[r->dt];

}
",True,qemu,4154c7e03fa55b4cf52509a83d50d6c09d743b77
19137,"const char *bdrv_get_device_or_node_name(const BlockDriverState *bs)

{

    return bs->blk ? blk_name(bs->blk) : bs->node_name;

}
",False,qemu,61007b316cd71ee7333ff7a0a749a8949527575f
19963,"static void dec_user(DisasContext *dc)

{

    LOG_DIS(""user"");



    cpu_abort(dc->env, ""user insn undefined\n"");

}
",True,qemu,3604a76fea6ff37738d4a8f596be38407be74a83
15312,"static void handle_satn_stop(ESPState *s)

{

    if (s->dma && !s->dma_enabled) {

        s->dma_cb = handle_satn_stop;

        return;

    }

    s->cmdlen = get_cmd(s, s->cmdbuf);

    if (s->cmdlen) {

        trace_esp_handle_satn_stop(s->cmdlen);

        s->do_cmd = 1;

        s->rregs[ESP_RSTAT] = STAT_TC | STAT_CD;

        s->rregs[ESP_RINTR] = INTR_BS | INTR_FC;

        s->rregs[ESP_RSEQ] = SEQ_CD;

        esp_raise_irq(s);

    }

}
",True,qemu,6c1fef6b59563cc415f21e03f81539ed4b33ad90
5101,"static int raw_read(BlockDriverState *bs, int64_t sector_num,

                    uint8_t *buf, int nb_sectors)

{

    return bdrv_read(bs->file, sector_num, buf, nb_sectors);

}
",False,qemu,d8b7e0adf562277180f96ecbd7f1777a384a0308
815,"static void monitor_readline(const char *prompt, int is_password,

                             char *buf, int buf_size)

{

    readline_start(prompt, is_password, monitor_readline_cb, NULL);

    readline_show_prompt();

    monitor_readline_buf = buf;

    monitor_readline_buf_size = buf_size;

    monitor_readline_started = 1;

    while (monitor_readline_started) {

        main_loop_wait(10);

    }

}
",False,qemu,bb5fc20f7c1c65e95030da3629dd0d7a0cce38cd
14386,"static uint64_t icp_pit_read(void *opaque, target_phys_addr_t offset,

                             unsigned size)

{

    icp_pit_state *s = (icp_pit_state *)opaque;

    int n;



    /* ??? Don't know the PrimeCell ID for this device.  */

    n = offset >> 8;

    if (n > 2) {

        hw_error(""%s: Bad timer %d\n"", __func__, n);

    }



    return arm_timer_read(s->timer[n], offset & 0xff);

}
",False,qemu,a8170e5e97ad17ca169c64ba87ae2f53850dab4c
20144,"const char *bdrv_get_format_name(BlockDriverState *bs)

{

    return bs->drv ? bs->drv->format_name : NULL;

}
",False,qemu,61007b316cd71ee7333ff7a0a749a8949527575f
23520,"DriveInfo *add_init_drive(const char *optstr)

{

    DriveInfo *dinfo;

    QemuOpts *opts;



    opts = drive_def(optstr);

    if (!opts)

        return NULL;



    dinfo = drive_init(opts, current_machine->use_scsi);

    if (!dinfo) {

        qemu_opts_del(opts);

        return NULL;

    }



    return dinfo;

}
",False,qemu,2d0d2837dcf786da415cf4165d37f4ddd684ff57
7446,"static const char *pxb_host_root_bus_path(PCIHostState *host_bridge,

                                          PCIBus *rootbus)

{

    PXBBus *bus = PXB_BUS(rootbus);



    snprintf(bus->bus_path, 8, ""0000:%02x"", pxb_bus_num(rootbus));

    return bus->bus_path;

}
",False,qemu,02b07434bed8360715198b4cbfdfebd17f7cac32
162,"static uint64_t qdev_get_prop_mask64(Property *prop)

{

    assert(prop->info == &qdev_prop_bit);

    return 0x1 << prop->bitnr;

}
",True,qemu,1fa795a853255fcc93e5d3e2a92d161a2ed96eb8
17571,"float64 HELPER(ucf64_divd)(float64 a, float64 b, CPUUniCore32State *env)

{

    return float64_div(a, b, &env->ucf64.fp_status);

}
",False,qemu,e8ede0a8bb5298a6979bcf7ed84ef64a64a4e3fe
2507,"static void e1000_io_write(void *opaque, target_phys_addr_t addr,

                           uint64_t val, unsigned size)

{

    E1000State *s = opaque;



    (void)s;

}
",False,qemu,a8170e5e97ad17ca169c64ba87ae2f53850dab4c
16279,"bool timer_expired(QEMUTimer *timer_head, int64_t current_time)

{

    return timer_expired_ns(timer_head, current_time * timer_head->scale);

}
",False,qemu,c2b38b277a7882a592f4f2ec955084b2b756daaa
19949,"static int pxb_bus_num(PCIBus *bus)

{

    PXBDev *pxb = PXB_DEV(bus->parent_dev);



    return pxb->bus_nr;

}
",False,qemu,02b07434bed8360715198b4cbfdfebd17f7cac32
10522,"static uint8_t qpci_pc_config_readb(QPCIBus *bus, int devfn, uint8_t offset)

{

    outl(0xcf8, (1 << 31) | (devfn << 8) | offset);

    return inb(0xcfc);

}
",True,qemu,a879125b47c3ae554c01824f996a64a45a86556e
17688,"static void dp8393x_writeb(void *opaque, target_phys_addr_t addr, uint32_t val)

{

    uint16_t old_val = dp8393x_readw(opaque, addr & ~0x1);



    switch (addr & 3) {

    case 0:

        val = val | (old_val & 0xff00);

        break;

    case 1:

        val = (val << 8) | (old_val & 0x00ff);

        break;

    }

    dp8393x_writew(opaque, addr & ~0x1, val);

}
",False,qemu,a8170e5e97ad17ca169c64ba87ae2f53850dab4c
5087,"static void test_visitor_in_native_list_int(TestInputVisitorData *data,

                                            const void *unused)

{

    test_native_list_integer_helper(data, unused,

                                    USER_DEF_NATIVE_LIST_UNION_KIND_INTEGER);

}
",False,qemu,b3db211f3c80bb996a704d665fe275619f728bd4
12522,"static inline bool extended_addresses_enabled(CPUARMState *env)

{

    return arm_feature(env, ARM_FEATURE_LPAE)

        && (env->cp15.c2_control & (1 << 31));

}
",True,qemu,78dbbbe4dff95369c63bf77ee0df23371e1d6602
18064,"static int sol_probe(AVProbeData *p)

{

    /* check file header */

    uint16_t magic;

    if (p->buf_size <= 14)

        return 0;

    magic=le2me_16(*((uint16_t*)p->buf));

    if ((magic == 0x0B8D || magic == 0x0C0D || magic == 0x0C8D) &&

        p->buf[2] == 'S' && p->buf[3] == 'O' &&

        p->buf[4] == 'L' && p->buf[5] == 0)

        return AVPROBE_SCORE_MAX;

    else

        return 0;

}
",False,FFmpeg,87e8788680e16c51f6048af26f3f7830c35207a5
1675,"void qemu_savevm_send_postcopy_advise(QEMUFile *f)

{

    uint64_t tmp[2];

    tmp[0] = cpu_to_be64(getpagesize());

    tmp[1] = cpu_to_be64(1ul << qemu_target_page_bits());



    trace_qemu_savevm_send_postcopy_advise();

    qemu_savevm_command_send(f, MIG_CMD_POSTCOPY_ADVISE, 16, (uint8_t *)tmp);

}
",True,qemu,e8ca1db29b349e780743c504cb735c8e1d542a8c
26223,"static int local_truncate(FsContext *ctx, V9fsPath *fs_path, off_t size)

{

    char buffer[PATH_MAX];

    char *path = fs_path->data;



    return truncate(rpath(ctx, path, buffer), size);

}
",False,qemu,4fa4ce7107c6ec432f185307158c5df91ce54308
14267,"static GSList *nvdimm_get_plugged_device_list(void)

{

    GSList *list = NULL;



    object_child_foreach(qdev_get_machine(), nvdimm_plugged_device_list,

                         &list);

    return list;

}
",False,qemu,cf7c0ff521b0710079aa28f21937fb7dbb3f5224
3071,"bool io_mem_read(MemoryRegion *mr, hwaddr addr, uint64_t *pval, unsigned size)

{

    return memory_region_dispatch_read(mr, addr, pval, size);

}
",True,qemu,cc05c43ad942165ecc6ffd39e41991bee43af044
17376,"void vga_hw_screen_dump(const char *filename)

{

    TextConsole *previous_active_console;



    previous_active_console = active_console;

    active_console = consoles[0];

    /* There is currently no way of specifying which screen we want to dump,

       so always dump the first one.  */

    if (consoles[0] && consoles[0]->hw_screen_dump)

        consoles[0]->hw_screen_dump(consoles[0]->hw, filename);

    active_console = previous_active_console;

}
",True,qemu,f81bdefb63243e82d16ce49332f7cf74d10b8f27
18613,"static void trigger_prot_fault(CPUS390XState *env, target_ulong vaddr,

                               uint64_t mode)

{

    CPUState *cs = CPU(s390_env_get_cpu(env));

    int ilen = ILEN_LATER_INC;

    int bits = trans_bits(env, mode) | 4;



    DPRINTF(""%s: vaddr=%016"" PRIx64 "" bits=%d\n"", __func__, vaddr, bits);



    stq_phys(cs->as,

             env->psa + offsetof(LowCore, trans_exc_code), vaddr | bits);

    trigger_pgm_exception(env, PGM_PROTECTION, ilen);

}
",False,qemu,e3e09d87c6e69c2da684d5aacabe3124ebcb6f8e
13293,"static void pl190_class_init(ObjectClass *klass, void *data)

{

    DeviceClass *dc = DEVICE_CLASS(klass);

    SysBusDeviceClass *k = SYS_BUS_DEVICE_CLASS(klass);



    k->init = pl190_init;

    dc->no_user = 1;

    dc->reset = pl190_reset;

    dc->vmsd = &vmstate_pl190;

}
",True,qemu,efec3dd631d94160288392721a5f9c39e50fb2bc
25676,"static inline void vmxnet3_ring_read_curr_cell(Vmxnet3Ring *ring, void *buff)

{

    vmw_shmem_read(vmxnet3_ring_curr_cell_pa(ring), buff, ring->cell_size);

}
",True,qemu,c508277335e3b6b20cf18e6ea3a35c1fa835c64a
14472,"static void qemu_kvm_start_vcpu(CPUState *env)

{

    env->thread = g_malloc0(sizeof(QemuThread));

    env->halt_cond = g_malloc0(sizeof(QemuCond));

    qemu_cond_init(env->halt_cond);

    qemu_thread_create(env->thread, qemu_kvm_cpu_thread_fn, env,

                       QEMU_THREAD_DETACHED);

    while (env->created == 0) {

        qemu_cond_wait(&qemu_cpu_cond, &qemu_global_mutex);

    }

}
",False,qemu,1ecf47bf0a091700e45f1b7d1f5ad85abc0acd22
17958,"static void qdict_add_key(const char *key, QObject *obj, void *opaque)

{

    GHashTable *h = opaque;

    g_hash_table_insert(h, (gpointer) key, NULL);

}
",False,qemu,b3db211f3c80bb996a704d665fe275619f728bd4
12139,"size_t tcg_code_size(void)

{

    unsigned int i;

    size_t total;



    qemu_mutex_lock(&region.lock);

    total = region.agg_size_full;

    for (i = 0; i < n_tcg_ctxs; i++) {

        const TCGContext *s = tcg_ctxs[i];

        size_t size;



        size = atomic_read(&s->code_gen_ptr) - s->code_gen_buffer;

        g_assert(size <= s->code_gen_buffer_size);

        total += size;

    }

    qemu_mutex_unlock(&region.lock);

    return total;

}
",False,qemu,3468b59e18b179bc63c7ce934de912dfa9596122
12325,"static void test_qemu_strtoul_full_correct(void)

{

    const char *str = ""123"";

    unsigned long res = 999;

    int err;



    err = qemu_strtoul(str, NULL, 0, &res);



    g_assert_cmpint(err, ==, 0);

    g_assert_cmpint(res, ==, 123);

}
",False,qemu,bc7c08a2c375acb7ae4d433054415588b176d34c
19120,"static void handle_sys(DisasContext *s, uint32_t insn, unsigned int l,

                       unsigned int op1, unsigned int op2,

                       unsigned int crn, unsigned int crm, unsigned int rt)

{

    unsupported_encoding(s, insn);

}
",False,qemu,fea505221eaf87889000378d4d33ad0dfd5f4d9d
512,"static void rtas_display_character(sPAPREnvironment *spapr,

                                   uint32_t token, uint32_t nargs,

                                   target_ulong args,

                                   uint32_t nret, target_ulong rets)

{

    uint8_t c = rtas_ld(args, 0);

    VIOsPAPRDevice *sdev = vty_lookup(spapr, 0);



    if (!sdev) {

        rtas_st(rets, 0, -1);

    } else {

        vty_putchars(sdev, &c, sizeof(c));

        rtas_st(rets, 0, 0);

    }

}
",False,qemu,210b580b106fa798149e28aa13c66b325a43204e
26465,"static void noop_conv (st_sample_t *dst, const void *src,

                       int samples, volume_t *vol)

{

    (void) src;

    (void) dst;

    (void) samples;

    (void) vol;

}
",False,qemu,1ea879e5580f63414693655fcf0328559cdce138
9712,"static inline void reset_bit(uint32_t *field, int bit)

{

    field[bit >> 5] &= ~(1 << (bit & 0x1F));

}
",False,qemu,e69a17f65e9f12f33c48b04a789e49d40a8993f5
782,"static void vvfat_close(BlockDriverState *bs)

{

    BDRVVVFATState *s = bs->opaque;



    vvfat_close_current_file(s);

    array_free(&(s->fat));

    array_free(&(s->directory));

    array_free(&(s->mapping));

    if(s->cluster_buffer)

        free(s->cluster_buffer);

}
",True,qemu,ce137829e7e58fcdc5ba63b5e256f972e80be438
6197,"void cpu_watchpoint_remove_by_ref(CPUState *env, CPUWatchpoint *watchpoint)

{

    TAILQ_REMOVE(&env->watchpoints, watchpoint, entry);



    tlb_flush_page(env, watchpoint->vaddr);



    qemu_free(watchpoint);

}
",False,qemu,72cf2d4f0e181d0d3a3122e04129c58a95da713e
23590,"static void qint_destroy_obj(QObject *obj)

{

    assert(obj != NULL);

    g_free(qobject_to_qint(obj));

}
",False,qemu,55e1819c509b3d9c10a54678b9c585bbda13889e
15027,"static bool esp_mem_accepts(void *opaque, target_phys_addr_t addr,

                            unsigned size, bool is_write)

{

    return (size == 1) || (is_write && size == 4);

}
",False,qemu,a8170e5e97ad17ca169c64ba87ae2f53850dab4c
18028,"static void usb_msd_send_status(MSDState *s, USBPacket *p)

{

    struct usb_msd_csw csw;

    int len;



    csw.sig = cpu_to_le32(0x53425355);

    csw.tag = cpu_to_le32(s->tag);

    csw.residue = s->residue;

    csw.status = s->result;



    len = MIN(sizeof(csw), p->len);

    memcpy(p->data, &csw, len);

}
",True,qemu,4f4321c11ff6e98583846bfd6f0e81954924b003
8719,"void do_subfco (void)

{

    T2 = T0;

    T0 = T1 - T0;

    if (likely(T0 > T1)) {

        xer_ca = 0;

    } else {

        xer_ca = 1;

    }

    if (likely(!(((~T2) ^ T1 ^ (-1)) & ((~T2) ^ T0) & (1 << 31)))) {

        xer_ov = 0;

    } else {

        xer_so = 1;

        xer_ov = 1;

    }

}
",True,qemu,d9bce9d99f4656ae0b0127f7472db9067b8f84ab
183,"static inline void mix_2f_1r_to_dolby(AC3DecodeContext *ctx)

{

    int i;

    float (*output)[256] = ctx->audio_block.block_output;



    for (i = 0; i < 256; i++) {

        output[1][i] -= output[3][i];

        output[2][i] += output[3][i];

    }

    memset(output[3], 0, sizeof(output[3]));

}
",False,FFmpeg,486637af8ef29ec215e0e0b7ecd3b5470f0e04e5
3195,"static int get_uint32(QEMUFile *f, void *pv, size_t size)

{

    uint32_t *v = pv;

    qemu_get_be32s(f, v);

    return 0;

}
",True,qemu,60fe637bf0e4d7989e21e50f52526444765c63b4
14829,"static gsize calc_float_string_storage(double value)

{

    int whole_value = value;

    gsize i = 0;

    do {

        i++;

    } while (whole_value /= 10);

    return i + 2 + FLOAT_STRING_PRECISION;

}
",True,qemu,089f26bb735fb414b79f5fa3753910d5339d2a1d
9346,"void qmp_qmp_capabilities(Error **errp)

{

    cur_mon->qmp.in_command_mode = true;

}
",True,qemu,635db18f68ded6abec11cd4cf64ebc15c1c6b190
12440,"envlist_create(void)

{

	envlist_t *envlist;



	if ((envlist = malloc(sizeof (*envlist))) == NULL)

		return (NULL);



	LIST_INIT(&envlist->el_entries);

	envlist->el_count = 0;



	return (envlist);

}
",False,qemu,72cf2d4f0e181d0d3a3122e04129c58a95da713e
23772,"static void cdrom_change_cb(void *opaque, int reason)

{

    IDEState *s = opaque;

    uint64_t nb_sectors;



    if (!(reason & CHANGE_MEDIA)) {

        return;

    }



    bdrv_get_geometry(s->bs, &nb_sectors);

    s->nb_sectors = nb_sectors;



    s->sense_key = SENSE_UNIT_ATTENTION;

    s->asc = ASC_MEDIUM_MAY_HAVE_CHANGED;

    s->cdrom_changed = 1;

    s->events.new_media = true;

    ide_set_irq(s->bus);

}
",True,qemu,4b9b7092b4cbef084138a446b8247ba89fd474f4
25481,"static inline void RENAME(rgb24ToY)(uint8_t *dst, const uint8_t *src, long width, uint32_t *unused)

{

#if COMPILE_TEMPLATE_MMX

    RENAME(bgr24ToY_mmx)(dst, src, width, PIX_FMT_RGB24);

#else

    int i;

    for (i=0; i<width; i++) {

        int r= src[i*3+0];

        int g= src[i*3+1];

        int b= src[i*3+2];



        dst[i]= ((RY*r + GY*g + BY*b + (33<<(RGB2YUV_SHIFT-1)))>>RGB2YUV_SHIFT);

    }

#endif

}
",False,FFmpeg,d1adad3cca407f493c3637e20ecd4f7124e69212
22045,"static TCGv neon_load_scratch(int scratch)

{

    TCGv tmp = new_tmp();

    tcg_gen_ld_i32(tmp, cpu_env, offsetof(CPUARMState, vfp.scratch[scratch]));

    return tmp;

}
",True,qemu,7d1b0095bff7157e856d1d0e6c4295641ced2752
2669,"static void test_validate_fail_union_native_list(TestInputVisitorData *data,

                                                 const void *unused)

{

    UserDefNativeListUnion *tmp = NULL;

    Error *err = NULL;

    Visitor *v;



    v = validate_test_init(data,

                           ""{ 'type': 'integer', 'data' : [ 'string' ] }"");



    visit_type_UserDefNativeListUnion(v, &tmp, NULL, &err);

    g_assert(err);


    qapi_free_UserDefNativeListUnion(tmp);

}",True,qemu,b18f1141d0afa00de11a8e079f4f5305c9e36893
6960,"static void qemu_rbd_close(BlockDriverState *bs)

{

    BDRVRBDState *s = bs->opaque;



    close(s->fds[0]);

    close(s->fds[1]);

    qemu_aio_set_fd_handler(s->fds[RBD_FD_READ], NULL, NULL, NULL);



    rbd_close(s->image);

    rados_ioctx_destroy(s->io_ctx);

    g_free(s->snap);

    rados_shutdown(s->cluster);

}
",True,qemu,e04fb07fd1676e9facd7f3f878c1bbe03bccd26b
19734,"bool qdict_get_try_bool(const QDict *qdict, const char *key, bool def_value)

{

    QObject *obj;



    obj = qdict_get(qdict, key);

    if (!obj || qobject_type(obj) != QTYPE_QBOOL)

        return def_value;



    return qbool_get_bool(qobject_to_qbool(obj));

}
",True,qemu,14b6160099f0caf5dc9d62e637b007bc5d719a96
5180,"bool migrate_zero_blocks(void)

{

    MigrationState *s;



    s = migrate_get_current();



    return s->enabled_capabilities[MIGRATION_CAPABILITY_ZERO_BLOCKS];

}
",True,qemu,60fe637bf0e4d7989e21e50f52526444765c63b4
25388,"QObject *qmp_dispatch(QObject *request)

{

    Error *err = NULL;

    QObject *ret;

    QDict *rsp;



    ret = do_qmp_dispatch(request, &err);



    rsp = qdict_new();

    if (err) {

        qdict_put_obj(rsp, ""error"", error_get_qobject(err));

        error_free(err);

    } else if (ret) {

        qdict_put_obj(rsp, ""return"", ret);

    } else {

        QDECREF(rsp);

        return NULL;

    }



    return QOBJECT(rsp);

}
",True,qemu,93b91c59dbccde6e4d25661150c1529bd5ee4a06
23365,"static void pmsav7_write(CPUARMState *env, const ARMCPRegInfo *ri,

                         uint64_t value)

{

    ARMCPU *cpu = arm_env_get_cpu(env);

    uint32_t *u32p = *(uint32_t **)raw_ptr(env, ri);



    if (!u32p) {

        return;

    }



    u32p += env->pmsav7.rnr;

    tlb_flush(CPU(cpu)); /* Mappings may have changed - purge! */

    *u32p = value;

}
",False,qemu,1bc04a8880374407c4b12d82ceb8752e12ff5336
18541,"static void print_format_entry(const char *tag,

                               const char *val)

{

    if (!fmt_entries_to_show) {

        if (tag) {

            printf(""%s=%s\n"", tag, val);

        } else {

            printf(""%s\n"", val);

        }

    } else if (tag && av_dict_get(fmt_entries_to_show, tag, NULL, 0)) {

        if (nb_fmt_entries_to_show > 1)

            printf(""%s="", tag);

        printf(""%s\n"", val);

    }

}
",False,FFmpeg,3a8c95f730732b9f1ffacdbfbf79a01b202a67af
22104,"static int vmdk_is_cid_valid(BlockDriverState *bs)

{

#ifdef CHECK_CID

    BDRVVmdkState *s = bs->opaque;

    BlockDriverState *p_bs = bs->backing_hd;

    uint32_t cur_pcid;



    if (p_bs) {

        cur_pcid = vmdk_read_cid(p_bs, 0);

        if (s->parent_cid != cur_pcid) {

            /* CID not valid */

            return 0;

        }

    }

#endif

    /* CID valid */

    return 1;

}
",False,qemu,c338b6ad609699cf352c8dd6338360b7e3895ad0
5055,"av_cold void rgb2rgb_init_x86(void)

{

#if HAVE_INLINE_ASM

    int cpu_flags = av_get_cpu_flags();



    if (cpu_flags & AV_CPU_FLAG_MMX)

        rgb2rgb_init_MMX();

    if (HAVE_AMD3DNOW && cpu_flags & AV_CPU_FLAG_3DNOW)

        rgb2rgb_init_3DNOW();

    if (HAVE_MMXEXT   && cpu_flags & AV_CPU_FLAG_MMXEXT)

        rgb2rgb_init_MMX2();

    if (HAVE_SSE      && cpu_flags & AV_CPU_FLAG_SSE2)

        rgb2rgb_init_SSE2();

#endif /* HAVE_INLINE_ASM */

}
",False,FFmpeg,e0c6cce44729d94e2a5507a4b6d031f23e8bd7b6
9220,"void *qemu_blockalign(BlockDriverState *bs, size_t size)

{

    return qemu_memalign(bdrv_opt_mem_align(bs), size);

}
",False,qemu,61007b316cd71ee7333ff7a0a749a8949527575f
9894,"int net_slirp_redir(const char *redir_str)

{

    struct slirp_config_str *config;



    if (QTAILQ_EMPTY(&slirp_stacks)) {

        config = g_malloc(sizeof(*config));

        pstrcpy(config->str, sizeof(config->str), redir_str);

        config->flags = SLIRP_CFG_HOSTFWD | SLIRP_CFG_LEGACY;

        config->next = slirp_configs;

        slirp_configs = config;

        return 0;

    }



    return slirp_hostfwd(QTAILQ_FIRST(&slirp_stacks), redir_str, 1);

}
",True,qemu,5c843af22604edecda10d4bb89d4eede9e1bd3d0
20692,"static void virtio_pci_exit(PCIDevice *pci_dev)

{

    VirtIOPCIProxy *proxy = VIRTIO_PCI(pci_dev);

    virtio_pci_stop_ioeventfd(proxy);

    memory_region_destroy(&proxy->bar);

    msix_uninit_exclusive_bar(pci_dev);

}
",True,qemu,06a1307379fcd6c551185ad87679cd7ed896b9ea
11628,"static void vtd_iotlb_page_invalidate(IntelIOMMUState *s, uint16_t domain_id,

                                      hwaddr addr, uint8_t am)

{

    VTDIOTLBPageInvInfo info;



    assert(am <= VTD_MAMV);

    info.domain_id = domain_id;

    info.gfn = addr >> VTD_PAGE_SHIFT_4K;

    info.mask = ~((1 << am) - 1);

    g_hash_table_foreach_remove(s->iotlb, vtd_hash_remove_by_page, &info);

}
",False,qemu,d66b969b0d9c8eefdcbff4b48535b0fe1501d139
19099,"static void timer_del_locked(QEMUTimerList *timer_list, QEMUTimer *ts)

{

    QEMUTimer **pt, *t;



    ts->expire_time = -1;

    pt = &timer_list->active_timers;

    for(;;) {

        t = *pt;

        if (!t)

            break;

        if (t == ts) {

            *pt = t->next;

            break;

        }

        pt = &t->next;

    }

}
",False,qemu,8caa05d8891d0a09dc4c00908c24c6ddfd872bbe
9893,"void qdev_prop_set_drive(DeviceState *dev, const char *name,

                         BlockBackend *value, Error **errp)

{

    object_property_set_str(OBJECT(dev), value ? blk_name(value) : """",

                            name, errp);

}
",True,qemu,8daea510951dd309a44cea8de415c685c43851cf
22855,"static bool cpu_thread_is_idle(CPUState *cpu)

{

    if (cpu->stop || cpu->queued_work_first) {

        return false;

    }

    if (cpu->stopped || !runstate_is_running()) {

        return true;

    }

    if (!cpu->halted || qemu_cpu_has_work(cpu) ||

        kvm_async_interrupts_enabled()) {

        return false;

    }

    return true;

}
",False,qemu,215e79c01c4e6f766eb9add56c56453e9ea1d948
14312,"static int virtio_rng_device_exit(DeviceState *qdev)

{

    VirtIORNG *vrng = VIRTIO_RNG(qdev);

    VirtIODevice *vdev = VIRTIO_DEVICE(qdev);



    timer_del(vrng->rate_limit_timer);

    timer_free(vrng->rate_limit_timer);

    unregister_savevm(qdev, ""virtio-rng"", vrng);

    virtio_cleanup(vdev);

    return 0;

}
",True,qemu,7bb6edb0e3dd78d74e0ac980cf6c0a07307f61bf
8262,"static uint32_t virtio_9p_get_features(VirtIODevice *vdev, uint32_t features)

{

    features |= 1 << VIRTIO_9P_MOUNT_TAG;

    return features;

}
",False,qemu,0cd09c3a6cc2230ba38c462fc410b4acce59eb6f
22774,"uint32_t HELPER(rer)(CPUXtensaState *env, uint32_t addr)

{

    return address_space_ldl(env->address_space_er, addr,

                             (MemTxAttrs){0}, NULL);

}
",False,qemu,2c5b1d2a479273cec4c1be491745f48b0808b508
16396,"static void pc_compat_0_13(MachineState *machine)

{

    pc_compat_1_2(machine);

    kvmclock_enabled = false;

}
",False,qemu,7102fa7073b2cefb33ab4012a11f15fbf297a74b
368,"static void RENAME(vertical_compose53iL0)(uint8_t *_b0, uint8_t *_b1, uint8_t *_b2,

                                          int width)

{

    int i;

    TYPE *b0 = (TYPE *)_b0;

    TYPE *b1 = (TYPE *)_b1;

    TYPE *b2 = (TYPE *)_b2;

    for (i = 0; i < width; i++)

        b1[i] -= (b0[i] + b2[i] + 2) >> 2;

}
",True,FFmpeg,a165b53daa8a3a526d2328ca72c4aa9e7f163045
4239,"static int normalize_bits(int num, int width)

{

    int i = 0;

    int bits = (width) ? 31 : 15;

    int limit = 1 << (bits - 1);



    if (num) {

        if (num == -1)

            return bits;

        if (num < 0)

            num = ~num;

        for (i = 0; num < limit; i++)

            num <<= 1;

    }

    return i;

}
",False,FFmpeg,431f8af8242c41ef922f9daf791b0be26dc0bba4
24410,"static void test_qemu_strtol_full_empty(void)

{

    const char *str = """";

    long res = 999L;

    int err;



    err =  qemu_strtol(str, NULL, 0, &res);



    g_assert_cmpint(err, ==, 0);

    g_assert_cmpint(res, ==, 0);

}
",True,qemu,47d4be12c3997343e436c6cca89aefbbbeb70863
10389,"PPC_OP(addme)

{

    T1 = T0;

    T0 += xer_ca + (-1);

    if (T1 != 0)

        xer_ca = 1;

    RETURN();

}
",True,qemu,d9bce9d99f4656ae0b0127f7472db9067b8f84ab
14027,"static int stdio_pclose(void *opaque)

{

    QEMUFileStdio *s = opaque;

    int ret;

    ret = pclose(s->stdio_file);

    if (ret == -1) {

        ret = -errno;

    } else if (!WIFEXITED(ret) || WEXITSTATUS(ret) != 0) {

        /* close succeeded, but non-zero exit code: */

        ret = -EIO; /* fake errno value */

    }

    g_free(s);

    return ret;

}
",True,qemu,60fe637bf0e4d7989e21e50f52526444765c63b4
17639,"static bool bdrv_is_valid_name(const char *name)

{

    return qemu_opts_id_wellformed(name);

}
",False,qemu,f5bebbbb28dc7a149a891f0f1e112fb50bb72664
22902,"static int check_opcodes(MMCO *mmco1, MMCO *mmco2, int n_mmcos)

{

    int i;



    for (i = 0; i < n_mmcos; i++) {

        if (mmco1[i].opcode != mmco2[i].opcode)

            return -1;

    }



    return 0;

}
",False,FFmpeg,dcbe15813ed09cf491e75a21cce0e751f5bc2b34
12049,"static void dmg_close(BlockDriverState *bs)

{

    BDRVDMGState *s = bs->opaque;

    close(s->fd);

    if(s->n_chunks>0) {

	free(s->types);

	free(s->offsets);

	free(s->lengths);

	free(s->sectors);

	free(s->sectorcounts);

    }

    free(s->compressed_chunk);

    free(s->uncompressed_chunk);

    inflateEnd(&s->zstream);

}
",False,qemu,64a31d5c3d73396a88563d7a504654edc85aa854
5729,"static void park_frame_worker_threads(FrameThreadContext *fctx, int thread_count)

{

    int i;



    for (i = 0; i < thread_count; i++) {

        PerThreadContext *p = &fctx->threads[i];



        if (p->state != STATE_INPUT_READY) {

            pthread_mutex_lock(&p->progress_mutex);

            while (p->state != STATE_INPUT_READY)

                pthread_cond_wait(&p->output_cond, &p->progress_mutex);

            pthread_mutex_unlock(&p->progress_mutex);

        }


    }

}",True,FFmpeg,575d494de561049f36f9c5492e05c7d83dd78e75
22477,"void acpi_memory_plug_cb(ACPIREGS *ar, qemu_irq irq, MemHotplugState *mem_st,

                         DeviceState *dev, Error **errp)

{

    MemStatus *mdev;



    mdev = acpi_memory_slot_status(mem_st, dev, errp);

    if (!mdev) {

        return;

    }



    mdev->dimm = dev;

    mdev->is_enabled = true;

    mdev->is_inserting = true;



    /* do ACPI magic */

    acpi_send_gpe_event(ar, irq, ACPI_MEMORY_HOTPLUG_STATUS);

    return;

}
",False,qemu,4828b10bda6a74a22a7695303e0648157d0e3ea4
16414,"static void thread_pool_init(void)

{

    thread_pool_init_one(&global_pool, NULL);

}
",False,qemu,c4d9d19645a484298a67e9021060bc7c2b081d0f
12966,"static void test_qemu_strtol_whitespace(void)

{

    const char *str = ""  \t  "";

    char f = 'X';

    const char *endptr = &f;

    long res = 999;

    int err;



    err = qemu_strtol(str, &endptr, 0, &res);



    g_assert_cmpint(err, ==, 0);

    g_assert_cmpint(res, ==, 0);

    g_assert(endptr == str);

}
",True,qemu,47d4be12c3997343e436c6cca89aefbbbeb70863
25570,"static inline int fp_reg_hi_offset(int regno)

{

    return offsetof(CPUARMState, vfp.regs[regno * 2 + 1]);

}
",False,qemu,90e496386fe7fd32c189561f846b7913f95b8cf4
4346,"static const AVClass *filter_child_class_next(const AVClass *prev)

{

    AVFilter **f = NULL;



    while (prev && *(f = av_filter_next(f)))

        if ((*f)->priv_class == prev)

            break;



    while (*(f = av_filter_next(f)))

        if ((*f)->priv_class)

            return (*f)->priv_class;



    return NULL;

}
",False,FFmpeg,fa2a34cd40d124161c748bb0f430dc63c94dd0da
11688,"static av_cold int targa_encode_init(AVCodecContext *avctx)

{

    avctx->coded_frame = av_frame_alloc();

    if (!avctx->coded_frame)

        return AVERROR(ENOMEM);



    avctx->coded_frame->key_frame = 1;

    avctx->coded_frame->pict_type = AV_PICTURE_TYPE_I;



    return 0;

}
",False,FFmpeg,d6604b29ef544793479d7fb4e05ef6622bb3e534
23440,"static void opt_input_file(void *optctx, const char *arg)

{

    if (input_filename) {

        fprintf(stderr,

                ""Argument '%s' provided as input filename, but '%s' was already specified.\n"",

                arg, input_filename);

        exit(1);

    }

    if (!strcmp(arg, ""-""))

        arg = ""pipe:"";

    input_filename = arg;

}
",True,FFmpeg,636ced8e1dc8248a1353b416240b93d70ad03edb
5402,"void apic_reset_irq_delivered(void)

{

    trace_apic_reset_irq_delivered(apic_irq_delivered);



    apic_irq_delivered = 0;

}
",True,qemu,9bcec938aab22a1b7ced916a6895e5029d4ed04f
25975,"void qemu_fd_register(int fd)

{

    WSAEventSelect(fd, qemu_event_handle, FD_READ | FD_ACCEPT | FD_CLOSE |

                   FD_CONNECT | FD_WRITE | FD_OOB);

}
",False,qemu,4c8d0d27676778febad3802a95218d5ceaca171e
20773,"static void intra_predict_mad_cow_dc_0l0_8x8_msa(uint8_t *src, int32_t stride)

{

    uint8_t lp_cnt;

    uint32_t src0 = 0;

    uint64_t out0, out1;



    for (lp_cnt = 0; lp_cnt < 4; lp_cnt++) {

        src0 += src[(4 + lp_cnt) * stride - 1];

    }



    src0 = (src0 + 2) >> 2;



    out0 = 0x8080808080808080;

    out1 = src0 * 0x0101010101010101;



    for (lp_cnt = 4; lp_cnt--;) {

        SD(out0, src);

        SD(out1, src + stride * 4);

        src += stride;

    }

}
",False,FFmpeg,d6737539e77e78fca9a04914d51996cfd1ccc55c
14939,"void qemu_chr_reset(CharDriverState *s)

{

    if (s->bh == NULL && initial_reset_issued) {

	s->bh = qemu_bh_new(qemu_chr_reset_bh, s);

	qemu_bh_schedule(s->bh);

    }

}
",False,qemu,69795d6769910eaee4416470744e65ae066aeb54
19062,"static void tap_set_sndbuf(TAPState *s, const char *sndbuf_str, Monitor *mon)

{

    if (sndbuf_str) {

        config_error(mon, ""No '-net tap,sndbuf=<nbytes>' support available\n"");

    }

}
",True,qemu,0752706de257b38763006ff5bb6b39a97e669ba2
10685,"static void gen_slbmfee(DisasContext *ctx)

{

#if defined(CONFIG_USER_ONLY)

    gen_inval_exception(ctx, POWERPC_EXCP_PRIV_REG);

#else

    if (unlikely(ctx->pr)) {

        gen_inval_exception(ctx, POWERPC_EXCP_PRIV_REG);

        return;

    }

    gen_helper_load_slb_esid(cpu_gpr[rS(ctx->opcode)], cpu_env,

                             cpu_gpr[rB(ctx->opcode)]);

#endif

}
",True,qemu,9b2fadda3e0196ffd485adde4fe9cdd6fae35300
25194,"static void vc1_inv_trans_4x4_dc_c(uint8_t *dest, int linesize, DCTELEM *block)

{

    int i;

    int dc = block[0];

    const uint8_t *cm;

    dc = (17 * dc +  4) >> 3;

    dc = (17 * dc + 64) >> 7;

    cm = ff_cropTbl + MAX_NEG_CROP + dc;

    for(i = 0; i < 4; i++){

        dest[0] = cm[dest[0]];

        dest[1] = cm[dest[1]];

        dest[2] = cm[dest[2]];

        dest[3] = cm[dest[3]];

        dest += linesize;

    }

}
",True,FFmpeg,c23acbaed40101c677dfcfbbfe0d2c230a8e8f44
15835,"static void migrate_fd_cleanup(MigrationState *s)

{

    int ret = 0;



    if (s->file) {

        DPRINTF(""closing file\n"");

        ret = qemu_fclose(s->file);

        s->file = NULL;

    }



    assert(s->fd == -1);

    if (ret < 0 && s->state == MIG_STATE_ACTIVE) {

        s->state = MIG_STATE_ERROR;

    }



    if (s->state != MIG_STATE_ACTIVE) {

        qemu_savevm_state_cancel();

    }

}
",False,qemu,a3fa1d78cbae2259491b17689812edcb643a3b30
21765,"static av_cold int xbm_encode_close(AVCodecContext *avctx)

{

    av_frame_free(&avctx->coded_frame);



    return 0;

}
",False,FFmpeg,d6604b29ef544793479d7fb4e05ef6622bb3e534
17698,"static void eepro100_write(void *opaque, target_phys_addr_t addr,

                           uint64_t data, unsigned size)

{

    EEPRO100State *s = opaque;



    switch (size) {

    case 1:

        eepro100_write1(s, addr, data);

        break;

    case 2:

        eepro100_write2(s, addr, data);

        break;

    case 4:

        eepro100_write4(s, addr, data);

        break;

    default:

        abort();

    }

}
",False,qemu,a8170e5e97ad17ca169c64ba87ae2f53850dab4c
19766,"static CharDriverState *qmp_chardev_open_serial(ChardevHostdev *serial,

                                                Error **errp)

{

#ifdef HAVE_CHARDEV_TTY

    int fd;



    fd = qmp_chardev_open_file_source(serial->device, O_RDWR, errp);

    if (error_is_set(errp)) {

        return NULL;

    }

    qemu_set_nonblock(fd);

    return qemu_chr_open_tty_fd(fd);

#else

    error_setg(errp, ""character device backend type 'serial' not supported"");

    return NULL;

#endif

}
",True,qemu,5f758366c0710d23e43f4d0f83816b98616a13d0
5648,"static void qmp_input_start_list(Visitor *v, const char *name, Error **errp)

{

    QmpInputVisitor *qiv = to_qiv(v);

    QObject *qobj = qmp_input_get_object(qiv, name, true);



    if (!qobj || qobject_type(qobj) != QTYPE_QLIST) {

        error_setg(errp, QERR_INVALID_PARAMETER_TYPE, name ? name : ""null"",

                   ""list"");

        return;

    }



    qmp_input_push(qiv, qobj, errp);

}
",False,qemu,d9f62dde1303286b24ac8ce88be27e2b9b9c5f46
22442,"static int skip_data_stream_element(AACContext *ac, GetBitContext *gb)

{

    int byte_align = get_bits1(gb);

    int count = get_bits(gb, 8);

    if (count == 255)

        count += get_bits(gb, 8);

    if (byte_align)

        align_get_bits(gb);



    if (get_bits_left(gb) < 8 * count) {

        av_log(ac->avctx, AV_LOG_ERROR, overread_err);

        return -1;

    }

    skip_bits_long(gb, 8 * count);

    return 0;

}
",True,FFmpeg,dbe29db8cb09fb39bd8dc5b25934e92279d0aa8d
10938,"static void sigp_start(CPUState *cs, run_on_cpu_data arg)

{

    S390CPU *cpu = S390_CPU(cs);

    SigpInfo *si = arg.host_ptr;



    if (s390_cpu_get_state(cpu) != CPU_STATE_STOPPED) {

        si->cc = SIGP_CC_ORDER_CODE_ACCEPTED;

        return;

    }



    s390_cpu_set_state(CPU_STATE_OPERATING, cpu);

    si->cc = SIGP_CC_ORDER_CODE_ACCEPTED;

}
",False,qemu,74b4c74d5efb0a489bdf0acc5b5d0197167e7649
21407,"static void ehci_class_init(ObjectClass *klass, void *data)

{

    DeviceClass *dc = DEVICE_CLASS(klass);

    PCIDeviceClass *k = PCI_DEVICE_CLASS(klass);

    EHCIPCIInfo *i = data;



    k->init = usb_ehci_pci_initfn;

    k->vendor_id = i->vendor_id;

    k->device_id = i->device_id;

    k->revision = i->revision;

    k->class_id = PCI_CLASS_SERIAL_USB;

    k->config_write = usb_ehci_pci_write_config;


    dc->vmsd = &vmstate_ehci_pci;

    dc->props = ehci_pci_properties;

}",True,qemu,6c2d1c32d084320081b0cd047f8cacd6e722d03a
21607,"static int xan_decode_end(AVCodecContext *avctx)

{

    XanContext *s = avctx->priv_data;



    /* release the last frame */

    avctx->release_buffer(avctx, &s->last_frame);



    av_free(s->buffer1);

    av_free(s->buffer2);



    return 0;

}
",False,FFmpeg,ca16618b01abfde44b4eaf92dc89b01aa1b4a91e
16527,"static void qed_unplug_allocating_write_reqs(BDRVQEDState *s)

{

    assert(s->allocating_write_reqs_plugged);



    s->allocating_write_reqs_plugged = false;

    qemu_co_enter_next(&s->allocating_write_reqs);

}
",False,qemu,1f01e50b8330c24714ddca5841fdbb703076b121
9861,"static void i440fx_pcihost_get_pci_hole64_end(Object *obj, Visitor *v,

                                              const char *name, void *opaque,

                                              Error **errp)

{

    PCIHostState *h = PCI_HOST_BRIDGE(obj);

    Range w64;



    pci_bus_get_w64_range(h->bus, &w64);



    visit_type_uint64(v, name, &w64.end, errp);

}
",False,qemu,a0efbf16604770b9d805bcf210ec29942321134f
4832,"uint32_t HELPER(neon_acgt_f32)(uint32_t a, uint32_t b)

{

    float32 f0 = float32_abs(make_float32(a));

    float32 f1 = float32_abs(make_float32(b));

    if (float32_compare_quiet(f0, f1, NFS) == float_relation_greater) {

        return ~0;

    }

    return 0;

}
",False,qemu,cab565c412a5634ce26f4d24ae65907c3108bdb0
22753,"static void channel_load_g(struct fs_dma_ctrl *ctrl, int c)

{

	target_phys_addr_t addr = channel_reg(ctrl, c, RW_GROUP);



	/* Load and decode. FIXME: handle endianness.  */

	cpu_physical_memory_read (addr, 

				  (void *) &ctrl->channels[c].current_g, 

				  sizeof ctrl->channels[c].current_g);

}
",False,qemu,a8170e5e97ad17ca169c64ba87ae2f53850dab4c
8196,"static inline int compress_coeffs(int *coef, int order, int c_bits)

{

    int i, res = 0;

    const int low_idx   = c_bits ?  4 : 2;

    const int shift_val = c_bits ?  8 : 4;

    const int high_idx  = c_bits ? 11 : 5;

    for (i = 0; i < order; i++)

        if (coef[i] < low_idx || coef[i] > high_idx)

            res++;

    if (res == order)

        for (i = 0; i < order; i++)

            coef[i] -= (coef[i] > high_idx) ? shift_val : 0;

    return res == order;

}
",False,FFmpeg,f3ad901a32c95239f302f173b866b82fb1f6cdf9
3309,"uint64_t helper_cmpbge(uint64_t op1, uint64_t op2)

{

    uint8_t opa, opb, res;

    int i;



    res = 0;

    for (i = 0; i < 8; i++) {

        opa = op1 >> (i * 8);

        opb = op2 >> (i * 8);

        if (opa >= opb) {

            res |= 1 << i;

        }

    }

    return res;

}
",False,qemu,5f2a80adc6fd2b2e4e0579a6613a9913e3cc9a05
26445,"static bool arm_cpu_has_work(CPUState *cs)

{

    ARMCPU *cpu = ARM_CPU(cs);



    return !cpu->powered_off

        && cs->interrupt_request &

        (CPU_INTERRUPT_FIQ | CPU_INTERRUPT_HARD

         | CPU_INTERRUPT_VFIQ | CPU_INTERRUPT_VIRQ

         | CPU_INTERRUPT_EXITTB);

}
",True,qemu,062ba099e01ff1474be98c0a4f3da351efab5d9d
4903,"static int v9fs_synth_unlinkat(FsContext *ctx, V9fsPath *dir,

                               const char *name, int flags)

{

    errno = EPERM;

    return -1;

}
",False,qemu,364031f17932814484657e5551ba12957d993d7e
23027,"static int64_t wav_seek_tag(AVIOContext *s, int64_t offset, int whence)

{

    offset += offset < INT64_MAX && offset & 1;



    return avio_seek(s, offset, whence);

}
",False,FFmpeg,dc2e4c2e532b80565f5fbacd3a24a6db7567c257
22954,"static VncJobQueue *vnc_queue_init(void)

{

    VncJobQueue *queue = g_malloc0(sizeof(VncJobQueue));



    qemu_cond_init(&queue->cond);

    qemu_mutex_init(&queue->mutex);

    QTAILQ_INIT(&queue->jobs);

    return queue;

}
",True,qemu,fedf0d35aafc4f1f1e5f6dbc80cb23ae1ae49f0b
20981,"void gic_set_pending_private(GICState *s, int cpu, int irq)

{

    int cm = 1 << cpu;



    if (GIC_TEST_PENDING(irq, cm))

        return;



    DPRINTF(""Set %d pending cpu %d\n"", irq, cpu);

    GIC_SET_PENDING(irq, cm);

    gic_update(s);

}
",False,qemu,8d999995e45c1002aa11f269c98f2e93e6f8c42a
23575,"static int nvdec_h264_decode_init(AVCodecContext *avctx)

{

    const H264Context *h = avctx->priv_data;

    const SPS       *sps = h->ps.sps;

    return ff_nvdec_decode_init(avctx, sps->ref_frame_count + sps->num_reorder_frames);

}
",False,FFmpeg,7546964f96168cd6ac819ef4c3212ee586619f1a
15748,"void in_asm_used_var_warning_killer()

{

 volatile int i= yCoeff+vrCoeff+ubCoeff+vgCoeff+ugCoeff+bF8+bFC+w400+w80+w10+

 bm00001111+bm00000111+bm11111000+b16Mask+g16Mask+r16Mask+b15Mask+g15Mask+r15Mask+asm_yalpha1+ asm_uvalpha1+

 M24A+M24B+M24C+w02 + b5Dither+g5Dither+r5Dither+g6Dither+dither4[0]+dither8[0];

 if(i) i=0;

}
",False,FFmpeg,6ff0ad6bfd0f00a3d54705811ee91a7ce3c22cda
14118,"static void spapr_vio_quiesce_one(VIOsPAPRDevice *dev)

{

    if (dev->tcet) {

        spapr_tce_reset(dev->tcet);

    }

    free_crq(dev);

}
",False,qemu,a83000f5e3fac30a7f213af1ba6a8f827622854d
8284,"static uint64_t error_mem_read(void *opaque, target_phys_addr_t addr,

                               unsigned size)

{

    abort();

}
",False,qemu,a8170e5e97ad17ca169c64ba87ae2f53850dab4c
5091,"static void test_qemu_strtoull_max(void)

{

    char *str = g_strdup_printf(""%llu"", ULLONG_MAX);

    char f = 'X';

    const char *endptr = &f;

    uint64_t res = 999;

    int err;



    err = qemu_strtoull(str, &endptr, 0, &res);



    g_assert_cmpint(err, ==, 0);

    g_assert_cmpint(res, ==, ULLONG_MAX);

    g_assert(endptr == str + strlen(str));

    g_free(str);

}
",False,qemu,bc7c08a2c375acb7ae4d433054415588b176d34c
10075,"static av_cold int common_init(AVCodecContext *avctx){

    FFV1Context *s = avctx->priv_data;



    s->avctx= avctx;

    s->flags= avctx->flags;



    avcodec_get_frame_defaults(&s->picture);



    ff_dsputil_init(&s->dsp, avctx);



    s->width = avctx->width;

    s->height= avctx->height;



    assert(s->width && s->height);

    //defaults

    s->num_h_slices=1;

    s->num_v_slices=1;





    return 0;

}
",False,FFmpeg,856834a77f4145adc5951e8b08984981fed4463d
10060,"int ffurl_register_protocol(URLProtocol *protocol)

{

    URLProtocol **p;

    p = &first_protocol;

    while (*p != NULL)

        p = &(*p)->next;

    *p             = protocol;

    protocol->next = NULL;

    return 0;

}
",False,FFmpeg,4b1f5e5090abed6c618c8ba380cd7d28d140f867
2483,"set_rdt(E1000State *s, int index, uint32_t val)

{

    s->check_rxov = 0;

    s->mac_reg[index] = val & 0xffff;

    if (e1000_has_rxbufs(s, 1)) {

        qemu_flush_queued_packets(&s->nic->nc);

    }

}
",False,qemu,e5b8b0d4ba29fe1268ba049519a1b0cf8552a21a
24037,"static int find_optimal_param(uint32_t sum, int n)

{

    int k, k_opt;

    uint32_t nbits[MAX_RICE_PARAM+1];



    k_opt = 0;

    nbits[0] = UINT32_MAX;

    for(k=0; k<=MAX_RICE_PARAM; k++) {

        nbits[k] = rice_encode_count(sum, n, k);

        if(nbits[k] < nbits[k_opt]) {

            k_opt = k;

        }

    }

    return k_opt;

}
",False,FFmpeg,14bd2a9f25fc0de4fb1a2d4afaef09162c51bb35
11414,"void block_job_completed(BlockJob *job, int ret)

{

    BlockDriverState *bs = job->bs;



    assert(bs->job == job);

    job->cb(job->opaque, ret);

    bs->job = NULL;

    g_free(job);

    bdrv_set_in_use(bs, 0);

}
",False,qemu,3718d8ab65f68de2acccbe6a315907805f54e3cc
15489,"void net_tx_pkt_setup_vlan_header(struct NetTxPkt *pkt, uint16_t vlan)

{

    bool is_new;

    assert(pkt);



    eth_setup_vlan_headers(pkt->vec[NET_TX_PKT_L2HDR_FRAG].iov_base,

        vlan, &is_new);



    /* update l2hdrlen */

    if (is_new) {

        pkt->hdr_len += sizeof(struct vlan_header);

        pkt->vec[NET_TX_PKT_L2HDR_FRAG].iov_len +=

            sizeof(struct vlan_header);

    }

}
",False,qemu,eb700029c7836798046191d62d595363d92c84d4
26522,"static void qbus_initfn(Object *obj)

{

    BusState *bus = BUS(obj);



    QTAILQ_INIT(&bus->children);

    object_property_add_link(obj, QDEV_HOTPLUG_HANDLER_PROPERTY,

                             TYPE_HOTPLUG_HANDLER,

                             (Object **)&bus->hotplug_handler, NULL);

    object_property_add_bool(obj, ""realized"",

                             bus_get_realized, bus_set_realized, NULL);

}
",True,qemu,9561fda8d90e176bef598ba87c42a1bd6ad03ef7
25477,"static void rstrip_spaces_buf(AVBPrint *buf)

{

    while (buf->len > 0 && buf->str[buf->len - 1] == ' ')

        buf->str[--buf->len] = 0;

}
",True,FFmpeg,f4ae3cce64bd46b1d539bdeac39753f83015f114
8573,"int avio_printf(AVIOContext *s, const char *fmt, ...)

{

    va_list ap;

    char buf[4096];

    int ret;



    va_start(ap, fmt);

    ret = vsnprintf(buf, sizeof(buf), fmt, ap);

    va_end(ap);

    avio_write(s, buf, strlen(buf));

    return ret;

}
",False,FFmpeg,baf4c489e5f468a208596cd128a6f1c49e6ae35b
10383,"static void xhci_child_detach(USBPort *uport, USBDevice *child)

{

    USBBus *bus = usb_bus_from_device(child);

    XHCIState *xhci = container_of(bus, XHCIState, bus);



    xhci_detach_slot(xhci, uport);

}
",False,qemu,463c534db516701ac732ac606c33c7101cf22e56
319,"static inline int onenand_load_main(OneNANDState *s, int sec, int secn,

                void *dest)

{

    if (s->bdrv_cur)

        return bdrv_read(s->bdrv_cur, sec, dest, secn) < 0;

    else if (sec + secn > s->secs_cur)

        return 1;



    memcpy(dest, s->current + (sec << 9), secn << 9);



    return 0;

}
",False,qemu,4be746345f13e99e468c60acbd3a355e8183e3ce
13225,"void palette8tobgr32(const uint8_t *src, uint8_t *dst, long num_pixels, const uint8_t *palette)

{

	long i;

	for(i=0; i<num_pixels; i++)

	{

		#ifdef WORDS_BIGENDIAN

			dst[3]= palette[ src[i]*4+0 ];

			dst[2]= palette[ src[i]*4+1 ];

			dst[1]= palette[ src[i]*4+2 ];

		#else

			//FIXME slow?

			dst[0]= palette[ src[i]*4+0 ];

			dst[1]= palette[ src[i]*4+1 ];

			dst[2]= palette[ src[i]*4+2 ];

			//dst[3]= 0; /* do we need this cleansing? */

		#endif



		dst+= 4;

	}

}
",True,FFmpeg,6e42e6c4b410dbef8b593c2d796a5dad95f89ee4
22666,"static int socket_get_fd(void *opaque)

{

    QEMUFileSocket *s = opaque;



    return s->fd;

}
",True,qemu,60fe637bf0e4d7989e21e50f52526444765c63b4
4949,"static void omap_mpui_io_write(void *opaque, target_phys_addr_t addr,

                               uint64_t value, unsigned size)

{

    /* FIXME: infinite loop */

    omap_badwidth_write16(opaque, addr, value);

}
",False,qemu,a8170e5e97ad17ca169c64ba87ae2f53850dab4c
5928,"static uint32_t pci_unin_main_config_readl (void *opaque,

                                            target_phys_addr_t addr)

{

    UNINState *s = opaque;

    uint32_t val;



    val = s->config_reg;

#ifdef TARGET_WORDS_BIGENDIAN

    val = bswap32(val);

#endif

    UNIN_DPRINTF(""config_readl addr "" TARGET_FMT_plx "" val %x\n"", addr, val);



    return val;

}
",True,qemu,2e29bd04786003561303dcad940b38afe790fb9b
19213,"static void do_info_trace(Monitor *mon)

{

    st_print_trace((FILE *)mon, &monitor_fprintf);

}
",True,qemu,88affa1c77c9019f3450f851495997897bd14e40
2529,"static void vdi_close(BlockDriverState *bs)

{

    BDRVVdiState *s = bs->opaque;



    g_free(s->bmap);



    migrate_del_blocker(s->migration_blocker);

    error_free(s->migration_blocker);

}
",True,qemu,17cce735780f0ff6a2ef173c34614bd47acd56e5
9083,"void ff_put_h264_qpel4_mc21_msa(uint8_t *dst, const uint8_t *src,

                                ptrdiff_t stride)

{

    avc_luma_midv_qrt_4w_msa(src - (2 * stride) - 2, stride, dst, stride, 4, 0);

}
",False,FFmpeg,662234a9a22f1cd0f0ac83b8bb1ffadedca90c0a
13773,"static uint64_t cirrus_linear_bitblt_read(void *opaque,

                                          target_phys_addr_t addr,

                                          unsigned size)

{

    CirrusVGAState *s = opaque;

    uint32_t ret;



    /* XXX handle bitblt */

    (void)s;

    ret = 0xff;

    return ret;

}
",False,qemu,a8170e5e97ad17ca169c64ba87ae2f53850dab4c
12778,"static int arm946_prbs_read(CPUARMState *env, const ARMCPRegInfo *ri,

                            uint64_t *value)

{

    if (ri->crm >= 8) {

        return EXCP_UDEF;

    }

    *value = env->cp15.c6_region[ri->crm];

    return 0;

}
",False,qemu,e508a92b621c7160122e99d3754e568f2b8e255e
6440,"static void t_gen_lsl(TCGv d, TCGv a, TCGv b)

{

	TCGv t0, t_31;



	t0 = tcg_temp_new(TCG_TYPE_TL);

	t_31 = tcg_temp_new(TCG_TYPE_TL);

	tcg_gen_shl_tl(d, a, b);



	tcg_gen_movi_tl(t_31, 31);

	tcg_gen_sub_tl(t0, t_31, b);

	tcg_gen_sar_tl(t0, t0, t_31);

	tcg_gen_and_tl(t0, t0, d);

	tcg_gen_xor_tl(d, d, t0);

	tcg_temp_free(t0);

	tcg_temp_free(t_31);

}
",True,qemu,44696296d5c2ffccef9d43d37d4f525bba7d9f5c
18872,"int bdrv_has_zero_init(BlockDriverState *bs)

{

    assert(bs->drv);



    if (bs->drv->no_zero_init) {

        return 0;

    } else if (bs->file) {

        return bdrv_has_zero_init(bs->file);

    }



    return 1;

}
",False,qemu,336c1c12551ff0a6e1a2af226d6cbdbadd2e02b5
8250,"static void ecc_mem_writeb(void *opaque, target_phys_addr_t addr, uint32_t val)

{

    printf(""ECC: Unsupported write 0x"" TARGET_FMT_plx "" %02x\n"",

           addr, val & 0xff);

}
",False,qemu,7c560456707bfe53eb1728fcde759be7d9418b62
17544,"static void free_schro_frame(SchroFrame *frame, void *priv)

{

    AVFrame *p_pic = priv;

    av_frame_free(&p_pic);

}
",True,FFmpeg,220b24c7c97dc033ceab1510549f66d0e7b52ef1
16277,"static void qmp_input_stack_object_free(StackObject *tos)

{

    if (tos->h) {

        g_hash_table_unref(tos->h);

    }



    g_free(tos);

}
",False,qemu,b3db211f3c80bb996a704d665fe275619f728bd4
24699,"static void check_cpu_flag(const char *name, int flag)

{

    int old_cpu_flag = state.cpu_flag;



    flag |= old_cpu_flag;

    av_set_cpu_flags_mask(flag);

    state.cpu_flag = av_get_cpu_flags();



    if (!flag || state.cpu_flag != old_cpu_flag) {

        int i;



        state.cpu_flag_name = name;

        for (i = 0; tests[i].func; i++) {

            state.current_test_name = tests[i].name;

            tests[i].func();

        }

    }

}
",False,FFmpeg,99982524f93a5fc5f8eadd3e8f9b4e3af446cdaa
3059,"uint64_t HELPER(cvd)(int32_t bin)

{

    /* positive 0 */

    uint64_t dec = 0x0c;

    int shift = 4;



    if (bin < 0) {

        bin = -bin;

        dec = 0x0d;

    }



    for (shift = 4; (shift < 64) && bin; shift += 4) {

        int current_number = bin % 10;



        dec |= (current_number) << shift;

        bin /= 10;

    }



    return dec;

}
",False,qemu,92f2b4e71e988ad2751c71717e9fe3387753442a
536,"int qemu_devtree_setprop(void *fdt, const char *node_path,

                         const char *property, void *val_array, int size)

{

    int offset;



    offset = fdt_path_offset(fdt, node_path);

    if (offset < 0)

        return offset;



    return fdt_setprop(fdt, offset, property, val_array, size);

}
",True,qemu,ccbcfedd17fd2d13521fcee66810d0df464ec1cc
6839,"AioContext *aio_context_new(void)

{

    return (AioContext *) g_source_new(&aio_source_funcs, sizeof(AioContext));

}
",False,qemu,2f4dc3c1b2a453a8255d9b97c7cb87860123e495
27187,"static inline int load_segment(uint32_t *e1_ptr, uint32_t *e2_ptr,

                               int selector)

{

    SegmentCache *dt;

    int index;

    uint8_t *ptr;



    if (selector & 0x4)

        dt = &env->ldt;

    else

        dt = &env->gdt;

    index = selector & ~7;

    if ((index + 7) > dt->limit)

        return -1;

    ptr = dt->base + index;

    *e1_ptr = ldl_kernel(ptr);

    *e2_ptr = ldl_kernel(ptr + 4);

    return 0;

}
",False,qemu,7e84c2498f0ff3999937d18d1e9abaa030400000
4270,"static void *rndis_queue_response(USBNetState *s, unsigned int length)

{

    struct rndis_response *r =

            qemu_mallocz(sizeof(struct rndis_response) + length);



    TAILQ_INSERT_TAIL(&s->rndis_resp, r, entries);

    r->length = length;



    return &r->buf[0];

}
",False,qemu,72cf2d4f0e181d0d3a3122e04129c58a95da713e
11326,"void *ff_png_zalloc(void *opaque, unsigned int items, unsigned int size)

{

    if(items >= UINT_MAX / size)

        return NULL;

    return av_malloc(items * size);

}
",True,FFmpeg,486f0b0cfc800cd38ec06635630539431d296774
17033,"query_params_append (struct QueryParams *ps,

               const char *name, const char *value)

{

    if (ps->n >= ps->alloc) {

        ps->p = g_renew(QueryParam, ps->p, ps->alloc * 2);

        ps->alloc *= 2;

    }



    ps->p[ps->n].name = g_strdup(name);

    ps->p[ps->n].value = value ? g_strdup(value) : NULL;

    ps->p[ps->n].ignore = 0;

    ps->n++;



    return 0;

}
",False,qemu,7f303adc4f0aaa71b196d9f983150f3ec3367b46
24156,"static void msix_mmio_writel(void *opaque, target_phys_addr_t addr,

                             uint32_t val)

{

    PCIDevice *dev = opaque;

    unsigned int offset = addr & (MSIX_PAGE_SIZE - 1) & ~0x3;

    int vector = offset / MSIX_ENTRY_SIZE;

    pci_set_long(dev->msix_table_page + offset, val);

    if (!msix_is_masked(dev, vector) && msix_is_pending(dev, vector)) {

        msix_clr_pending(dev, vector);

        msix_notify(dev, vector);

    }

}
",False,qemu,5b5cb08683b6715a2aca5314168e68ff0665912b
2055,"static void tcg_out_label(TCGContext *s, TCGLabel *l, tcg_insn_unit *ptr)

{

    intptr_t value = (intptr_t)ptr;

    TCGRelocation *r;



    assert(!l->has_value);



    for (r = l->u.first_reloc; r != NULL; r = r->next) {

        patch_reloc(r->ptr, r->type, value, r->addend);

    }



    l->has_value = 1;

    l->u.value_ptr = ptr;

}
",False,qemu,eabb7b91b36b202b4dac2df2d59d698e3aff197a
23015,"static void qmp_output_push_obj(QmpOutputVisitor *qov, QObject *value,

                                void *qapi)

{

    QStackEntry *e = g_malloc0(sizeof(*e));



    assert(qov->root);

    assert(value);

    e->value = value;

    e->qapi = qapi;

    QSLIST_INSERT_HEAD(&qov->stack, e, node);

}
",False,qemu,7d5e199ade76c53ec316ab6779800581bb47c50a
22697,"static int nppscale_query_formats(AVFilterContext *ctx)

{

    static const enum AVPixelFormat pixel_formats[] = {

        AV_PIX_FMT_CUDA, AV_PIX_FMT_NONE,

    };

    AVFilterFormats *pix_fmts  = ff_make_format_list(pixel_formats);



    ff_set_common_formats(ctx, pix_fmts);



    return 0;

}
",False,FFmpeg,88281a5256f0034451c09acab3aff44acb43c2a3
4647,"static int av_dict_set_fxp(AVDictionary **pm, const char *key, uint64_t value, unsigned int digits,

                int flags)

{

    char valuestr[44];

    snprintf(valuestr, sizeof(valuestr), ""%""PRId64"".%0*""PRId64,

             value / PRECISION, digits, ( value % PRECISION ) / ( PRECISION / uintpow(10,digits) ));

    return av_dict_set(pm, key, valuestr, flags);

}
",True,FFmpeg,5d590d87b30c59dfb853ebde6276d36f8a8bbc58
3814,"void stl_phys(target_phys_addr_t addr, uint32_t val)

{

    stl_phys_internal(addr, val, DEVICE_NATIVE_ENDIAN);

}
",False,qemu,a8170e5e97ad17ca169c64ba87ae2f53850dab4c
23589,"static void test_visitor_in_native_list_int64(TestInputVisitorData *data,

                                              const void *unused)

{

    test_native_list_integer_helper(data, unused,

                                    USER_DEF_NATIVE_LIST_UNION_KIND_S64);

}
",False,qemu,b3db211f3c80bb996a704d665fe275619f728bd4
21026,"static void GCC_FMT_ATTR(2, 3) qtest_sendf(CharBackend *chr,

                                           const char *fmt, ...)

{

    va_list ap;

    gchar *buffer;



    va_start(ap, fmt);

    buffer = g_strdup_vprintf(fmt, ap);

    qtest_send(chr, buffer);


    va_end(ap);

}",True,qemu,fc34059f080680b560b3f656988fdd9a75cd0eab
3207,"static void *data_plane_thread(void *opaque)

{

    VirtIOBlockDataPlane *s = opaque;



    do {

        event_poll(&s->event_poll);

    } while (s->started || s->num_reqs > 0);

    return NULL;

}
",True,qemu,cd7fdfe59f4f965665dcd9868fe3764f5256d6aa
15022,"static void opt_frame_pad_top(const char *arg)

{

    frame_padtop = atoi(arg);

    if (frame_padtop < 0) {

        fprintf(stderr, ""Incorrect top pad size\n"");

        av_exit(1);

    }

}
",False,FFmpeg,0c22311b56e66115675c4a96e4c78547886a4171
11254,"static int coroutine_fn raw_co_write_zeroes(

    BlockDriverState *bs, int64_t sector_num,

    int nb_sectors, BdrvRequestFlags flags)

{

    BDRVRawState *s = bs->opaque;



    if (!(flags & BDRV_REQ_MAY_UNMAP)) {

        return -ENOTSUP;

    }

    if (!s->discard_zeroes) {

        return -ENOTSUP;

    }

    return paio_submit_co(bs, s->fd, sector_num, NULL, nb_sectors,

                          QEMU_AIO_DISCARD);

}
",True,qemu,97a2ae34537882df34810d538ab1f51085499d2c
5913,"static char *vnc_socket_remote_addr(const char *format, int fd) {

    struct sockaddr_storage sa;

    socklen_t salen;



    salen = sizeof(sa);

    if (getpeername(fd, (struct sockaddr*)&sa, &salen) < 0)

        return NULL;



    return addr_to_string(format, &sa, salen);

}
",True,qemu,2f9606b3736c3be4dbd606c46525c7b770ced119
3974,"static int32_t scalarproduct_and_madd_int16_c(int16_t *v1, const int16_t *v2,

                                              const int16_t *v3,

                                              int order, int mul)

{

    int res = 0;



    while (order--) {

        res   += *v1 * *v2++;

        *v1++ += mul * *v3++;

    }

    return res;

}
",True,FFmpeg,9ca16bdd3f0461b40d369080647747ae70715daf
17289,"SwsVector *sws_allocVec(int length)

{

    SwsVector *vec = av_malloc(sizeof(SwsVector));

    if (!vec)

        return NULL;

    vec->length = length;

    vec->coeff  = av_malloc(sizeof(double) * length);

    if (!vec->coeff)

        av_freep(&vec);

    return vec;

}
",False,FFmpeg,fe573d1a9b742652f44cdc15b24fdd401eefc5e7
1688,"START_TEST(qobject_to_qlist_test)

{

    QList *qlist;



    qlist = qlist_new();



    fail_unless(qobject_to_qlist(QOBJECT(qlist)) == qlist);



    // destroy doesn't exist yet

    g_free(qlist);

}
",False,qemu,91479dd0b5bd3b087b92ddd7bc3f2c54982cfe17
7735,"static inline int l3_unscale(int value, int exponent)

{

    unsigned int m;

    int e;



    e  = table_4_3_exp  [4 * value + (exponent & 3)];

    m  = table_4_3_value[4 * value + (exponent & 3)];

    e -= exponent >> 2;

#ifdef DEBUG

    if(e < 1)

        av_log(NULL, AV_LOG_WARNING, ""l3_unscale: e is %d\n"", e);

#endif

    if (e > (SUINT)31)

        return 0;

    m = (m + (1 << (e - 1))) >> e;



    return m;

}
",True,FFmpeg,8ebed703f153e979edb2156754c8bdac4d5d6266
16776,"void stl_be_phys(target_phys_addr_t addr, uint32_t val)

{

    stl_phys_internal(addr, val, DEVICE_BIG_ENDIAN);

}
",False,qemu,a8170e5e97ad17ca169c64ba87ae2f53850dab4c
5098,"static inline void* array_get_next(array_t* array) {

    unsigned int next = array->next;

    void* result;



    if (array_ensure_allocated(array, next) < 0)

	return NULL;



    array->next = next + 1;

    result = array_get(array, next);



    return result;

}
",False,qemu,9be385980d37e8f4fd33f605f5fb1c3d144170a8
4408,"static void test_validate_union(TestInputVisitorData *data,

                                 const void *unused)

{

    UserDefUnion *tmp = NULL;

    Visitor *v;

    Error *err = NULL;



    v = validate_test_init(data, ""{ 'type': 'b', 'integer': 41, 'data' : { 'integer': 42 } }"");



    visit_type_UserDefUnion(v, &tmp, NULL, &err);

    g_assert(!err);

    qapi_free_UserDefUnion(tmp);

}
",False,qemu,805017b7791200f1b72deef17dc98fd272b941eb
15358,"void stl_le_phys(target_phys_addr_t addr, uint32_t val)

{

    stl_phys_internal(addr, val, DEVICE_LITTLE_ENDIAN);

}
",False,qemu,a8170e5e97ad17ca169c64ba87ae2f53850dab4c
15954,"static void migration_bitmap_sync_range(ram_addr_t start, ram_addr_t length)

{

    migration_dirty_pages +=

        cpu_physical_memory_sync_dirty_bitmap(migration_bitmap, start, length);

}
",False,qemu,2ff64038a59e8de2baa485806be0838f49f70b79
24308,"TCGv_i64 tcg_global_reg_new_i64(int reg, const char *name)

{

    int idx;



    idx = tcg_global_reg_new_internal(TCG_TYPE_I64, reg, name);

    return MAKE_TCGV_I64(idx);

}
",False,qemu,b3a62939561e07bc34493444fa926b6137cba4e8
22724,"size_t qcrypto_cipher_get_key_len(QCryptoCipherAlgorithm alg)

{

    if (alg >= G_N_ELEMENTS(alg_key_len)) {

        return 0;

    }

    return alg_key_len[alg];

}
",False,qemu,32c813e6c2a857b93b897901b7e20281397528a3
26459,"static void int8x8_fmul_int32_c(float *dst, const int8_t *src, int scale)

{

    float fscale = scale / 16.0;

    int i;

    for (i = 0; i < 8; i++)

        dst[i] = src[i] * fscale;

}
",False,FFmpeg,4cb6964244fd6c099383d8b7e99731e72cc844b9
11006,"static uint32_t vmsvga_bios_read(void *opaque, uint32_t address)

{

    printf(""%s: what are we supposed to return?\n"", __FUNCTION__);

    return 0xcafe;

}
",False,qemu,0d7937974cd0504f30ad483c3368b21da426ddf9
18543,"static int dnxhd_decode_dct_block_8(const DNXHDContext *ctx,

                                    RowContext *row, int n)

{

    return dnxhd_decode_dct_block(ctx, row, n, 4, 32, 6);

}
",False,FFmpeg,6f1ccca4ae3b93b6a2a820a7a0e72081ab35767c
1385,"void coroutine_fn qemu_co_mutex_lock(CoMutex *mutex)

{

    Coroutine *self = qemu_coroutine_self();



    trace_qemu_co_mutex_lock_entry(mutex, self);



    while (mutex->locked) {

        qemu_co_queue_wait(&mutex->queue);

    }



    mutex->locked = true;




    trace_qemu_co_mutex_lock_return(mutex, self);

}",True,qemu,0e438cdc932a785de72166af4641aafa103a6670
12869,"static QObject *parser_context_pop_token(JSONParserContext *ctxt)

{

    qobject_decref(ctxt->current);

    assert(!g_queue_is_empty(ctxt->buf));

    ctxt->current = g_queue_pop_head(ctxt->buf);

    return ctxt->current;

}
",False,qemu,9bada8971173345ceb37ed1a47b00a01a4dd48cf
11248,"static int common_end(HYuvContext *s)

{

    int i;



    for(i = 0; i < 3; i++) {

        av_freep(&s->temp[i]);

    }

    return 0;

}
",True,FFmpeg,4a722a5cab15d5aefbf4dd83baa8be5a046580ca
6644,"void do_4xx_tlbsx_ (void)

{

    int tmp = xer_ov;



    T0 = ppcemb_tlb_search(env, T0, env->spr[SPR_40x_PID]);

    if (T0 != -1)

        tmp |= 0x02;

    env->crf[0] = tmp;

}
",True,qemu,966439a67830239a6c520c5df6c55627b8153c8b
18999,"float64 helper_fsmuld(CPUSPARCState *env, float32 src1, float32 src2)

{

    float64 ret;

    clear_float_exceptions(env);

    ret = float64_mul(float32_to_float64(src1, &env->fp_status),

                      float32_to_float64(src2, &env->fp_status),

                      &env->fp_status);

    check_ieee_exceptions(env);

    return ret;

}
",False,qemu,7385aed20db5d83979f683b9d0048674411e963c
19479,"static inline int onenand_load_spare(OneNANDState *s, int sec, int secn,

                void *dest)

{

    uint8_t buf[512];



    if (s->bdrv_cur) {

        if (bdrv_read(s->bdrv_cur, s->secs_cur + (sec >> 5), buf, 1) < 0)

            return 1;

        memcpy(dest, buf + ((sec & 31) << 4), secn << 4);

    } else if (sec + secn > s->secs_cur)

        return 1;

    else

        memcpy(dest, s->current + (s->secs_cur << 9) + (sec << 4), secn << 4);

 

    return 0;

}
",False,qemu,4be746345f13e99e468c60acbd3a355e8183e3ce
26199,"void replay_finish_event(void)

{

    replay_has_unread_data = 0;

    replay_fetch_data_kind();

}
",False,qemu,f186d64d8fda4bb22c15beb8e45b7814fbd8b51e
526,"static int handle_update_file_cred(int dirfd, const char *name, FsCred *credp)

{

    int fd, ret;

    fd = openat(dirfd, name, O_NONBLOCK | O_NOFOLLOW);

    if (fd < 0) {

        return fd;

    }

    ret = fchmod(fd, credp->fc_mode & 07777);

    if (ret < 0) {

        goto err_out;

    }

    ret = fchownat(fd, """", credp->fc_uid, credp->fc_gid, AT_EMPTY_PATH);

err_out:

    close(fd);

    return ret;

}
",True,qemu,2d40564aaab3a99fe6ce00fc0fc893c02e9443ec
10739,"void ff_put_h264_qpel16_mc23_msa(uint8_t *dst, const uint8_t *src,

                                 ptrdiff_t stride)

{

    avc_luma_midv_qrt_16w_msa(src - (2 * stride) - 2,

                              stride, dst, stride, 16, 1);

}
",False,FFmpeg,662234a9a22f1cd0f0ac83b8bb1ffadedca90c0a
13660,"static int get_buffer(QEMUFile *f, void *pv, size_t size)

{

    uint8_t *v = pv;

    qemu_get_buffer(f, v, size);

    return 0;

}
",True,qemu,60fe637bf0e4d7989e21e50f52526444765c63b4
21586,"static void opt_pad_color(const char *arg) {

    /* Input is expected to be six hex digits similar to

       how colors are expressed in html tags (but without the #) */

    int rgb = strtol(arg, NULL, 16);

    int r,g,b;



    r = (rgb >> 16);

    g = ((rgb >> 8) & 255);

    b = (rgb & 255);



    padcolor[0] = RGB_TO_Y(r,g,b);

    padcolor[1] = RGB_TO_U(r,g,b,0);

    padcolor[2] = RGB_TO_V(r,g,b,0);

}
",False,FFmpeg,0c22311b56e66115675c4a96e4c78547886a4171
10020,"uint32_t msix_bar_size(PCIDevice *dev)

{

    return (dev->cap_present & QEMU_PCI_CAP_MSIX) ?

        dev->msix_bar_size : 0;

}
",False,qemu,393a98924eb00df76231384b86652e1d5f964d67
14390,"static void v9fs_synth_direntry(V9fsSynthNode *node,

                                struct dirent *entry, off_t off)

{

    strcpy(entry->d_name, node->name);

    entry->d_ino = node->attr->inode;

    entry->d_off = off + 1;

}
",False,qemu,364031f17932814484657e5551ba12957d993d7e
3215,"void bdrv_close_all(void)

{

    BlockDriverState *bs;



    QTAILQ_FOREACH(bs, &bdrv_states, device_list) {

        AioContext *aio_context = bdrv_get_aio_context(bs);



        aio_context_acquire(aio_context);

        bdrv_close(bs);

        aio_context_release(aio_context);

    }

}
",True,qemu,ca9bd24cf1d53775169ba9adc17e265554d1afed
18834,"static void test_bmdma_setup(void)

{

    ide_test_start(

        ""-vnc none ""

        ""-drive file=%s,if=ide,serial=%s,cache=writeback ""

        ""-global ide-hd.ver=%s"",

        tmp_path, ""testdisk"", ""version"");

}
",True,qemu,b7fcff01790d25f48d81ef6c8c3399577096a555
5008,"static void slow_bar_writel(void *opaque, target_phys_addr_t addr, uint32_t val)

{

    AssignedDevRegion *d = opaque;

    uint32_t *out = (uint32_t *)(d->u.r_virtbase + addr);



    DEBUG(""slow_bar_writel addr=0x"" TARGET_FMT_plx "" val=0x%08x\n"", addr, val);

    *out = val;

}
",False,qemu,a8170e5e97ad17ca169c64ba87ae2f53850dab4c
7211,"static void kvm_client_set_memory(struct CPUPhysMemoryClient *client,

				  target_phys_addr_t start_addr,

				  ram_addr_t size,

				  ram_addr_t phys_offset)

{

	kvm_set_phys_mem(start_addr, size, phys_offset);

}
",False,qemu,a426e122173f36f05ea2cb72dcff77b7408546ce
24600,"int qemu_chr_fe_add_watch(CharDriverState *s, GIOCondition cond,

                          GIOFunc func, void *user_data)

{

    GSource *src;

    guint tag;



    if (s->chr_add_watch == NULL) {

        return -ENOSYS;

    }



    src = s->chr_add_watch(s, cond);

    if (!src) {

        return -EINVAL;

    }



    g_source_set_callback(src, (GSourceFunc)func, user_data, NULL);

    tag = g_source_attach(src, NULL);

    g_source_unref(src);



    return tag;

}
",False,qemu,6f1de6b70d857d5e316ae6fd908f52818b827b08
23689,"static int raw_reopen_prepare(BDRVReopenState *reopen_state,

                              BlockReopenQueue *queue, Error **errp)

{

    assert(reopen_state != NULL);

    assert(reopen_state->bs != NULL);



    reopen_state->opaque = g_new0(BDRVRawState, 1);



    return raw_read_options(

        reopen_state->options,

        reopen_state->bs,

        reopen_state->opaque,

        errp);

}
",False,qemu,2e6fc7eb1a4af1b127df5f07b8bb28af891946fa
6404,"static void s390_virtio_net_class_init(ObjectClass *klass, void *data)

{

    DeviceClass *dc = DEVICE_CLASS(klass);

    VirtIOS390DeviceClass *k = VIRTIO_S390_DEVICE_CLASS(klass);



    k->init = s390_virtio_net_init;

    dc->props = s390_virtio_net_properties;

    dc->alias = ""virtio-net"";

}
",False,qemu,6acbe4c6f18e7de00481ff30574262b58526de45
7231,"static inline int fp_reg_offset(int regno, TCGMemOp size)

{

    int offs = offsetof(CPUARMState, vfp.regs[regno * 2]);

#ifdef HOST_WORDS_BIGENDIAN

    offs += (8 - (1 << size));

#endif

    return offs;

}
",False,qemu,90e496386fe7fd32c189561f846b7913f95b8cf4
19142,"static QObject *qmp_output_pop(QmpOutputVisitor *qov, void *qapi)

{

    QStackEntry *e = QSLIST_FIRST(&qov->stack);

    QObject *value;



    assert(e);

    assert(e->qapi == qapi);

    QSLIST_REMOVE_HEAD(&qov->stack, node);

    value = e->value;

    assert(value);

    g_free(e);

    return value;

}
",False,qemu,b3db211f3c80bb996a704d665fe275619f728bd4
5674,"void aio_set_event_notifier_poll(AioContext *ctx,

                                 EventNotifier *notifier,

                                 EventNotifierHandler *io_poll_begin,

                                 EventNotifierHandler *io_poll_end)

{

    aio_set_fd_poll(ctx, event_notifier_get_fd(notifier),

                    (IOHandler *)io_poll_begin,

                    (IOHandler *)io_poll_end);

}
",False,qemu,c2b38b277a7882a592f4f2ec955084b2b756daaa
24161,"static void vfio_vga_quirk_teardown(VFIOPCIDevice *vdev)

{

    int i;



    for (i = 0; i < ARRAY_SIZE(vdev->vga.region); i++) {

        while (!QLIST_EMPTY(&vdev->vga.region[i].quirks)) {

            VFIOQuirk *quirk = QLIST_FIRST(&vdev->vga.region[i].quirks);

            memory_region_del_subregion(&vdev->vga.region[i].mem, &quirk->mem);

            object_unparent(OBJECT(&quirk->mem));

            QLIST_REMOVE(quirk, next);

            g_free(quirk);

        }

    }

}
",False,qemu,ba5e6bfa1aee29a8f72c5538c565dfb9889cf273
5640,"static inline void gen_evfsneg(DisasContext *ctx)

{

    if (unlikely(!ctx->spe_enabled)) {

        gen_exception(ctx, POWERPC_EXCP_APU);

        return;

    }

#if defined(TARGET_PPC64)

    tcg_gen_xori_tl(cpu_gpr[rD(ctx->opcode)], cpu_gpr[rA(ctx->opcode)], 0x8000000080000000LL);

#else

    tcg_gen_xori_tl(cpu_gpr[rD(ctx->opcode)], cpu_gpr[rA(ctx->opcode)], 0x80000000);

    tcg_gen_xori_tl(cpu_gprh[rD(ctx->opcode)], cpu_gprh[rA(ctx->opcode)], 0x80000000);

#endif

}
",False,qemu,27a69bb088bee6d4efea254659422fb9c751b3c7
18005,"static void expr_error(Monitor *mon, const char *msg)

{

    monitor_printf(mon, ""%s\n"", msg);

    siglongjmp(expr_env, 1);

}
",False,qemu,277acfe8b38de35be8cb6e274678b5a7919c2d44
24885,"static void kvm_arm_gic_get(GICState *s)

{

    /* TODO: there isn't currently a kernel interface to get the GIC state */

}
",False,qemu,855011be05fad72e17e0280d0bab87a4bc840695
21124,"static int hdev_has_zero_init(BlockDriverState *bs)

{

    return 0;

}
",True,qemu,3ac216270a62418519c08e88c17005a8f1539cf2
21980,"vu_queue_flush(VuDev *dev, VuVirtq *vq, unsigned int count)

{

    uint16_t old, new;



    if (unlikely(dev->broken)) {

        return;

    }



    /* Make sure buffer is written before we update index. */

    smp_wmb();



    old = vq->used_idx;

    new = old + count;

    vring_used_idx_set(dev, vq, new);

    vq->inuse -= count;

    if (unlikely((int16_t)(new - vq->signalled_used) < (uint16_t)(new - old))) {

        vq->signalled_used_valid = false;

    }

}
",True,qemu,640601c7cb1b6b41d3e1a435b986266c2b71e9bc
390,"static void gen_exception_return(DisasContext *s, TCGv pc)

{

    TCGv tmp;

    store_reg(s, 15, pc);

    tmp = load_cpu_field(spsr);

    gen_set_cpsr(tmp, 0xffffffff);

    dead_tmp(tmp);

    s->is_jmp = DISAS_UPDATE;

}
",True,qemu,7d1b0095bff7157e856d1d0e6c4295641ced2752
712,"static void gen_rfci(DisasContext *ctx)

{

#if defined(CONFIG_USER_ONLY)

    gen_inval_exception(ctx, POWERPC_EXCP_PRIV_OPC);

#else

    if (unlikely(ctx->pr)) {

        gen_inval_exception(ctx, POWERPC_EXCP_PRIV_OPC);

        return;

    }

    /* Restore CPU state */

    gen_helper_rfci(cpu_env);

    gen_sync_exception(ctx);

#endif

}
",True,qemu,9b2fadda3e0196ffd485adde4fe9cdd6fae35300
5825,"static void channel_store_d(struct fs_dma_ctrl *ctrl, int c)

{

	target_phys_addr_t addr = channel_reg(ctrl, c, RW_SAVED_DATA);



	/* Encode and store. FIXME: handle endianness.  */

	D(printf(""%s ch=%d addr="" TARGET_FMT_plx ""\n"", __func__, c, addr));

	cpu_physical_memory_write (addr,

				  (void *) &ctrl->channels[c].current_d, 

				  sizeof ctrl->channels[c].current_d);

}
",False,qemu,a8170e5e97ad17ca169c64ba87ae2f53850dab4c
867,"int av_get_channel_layout_nb_channels(int64_t channel_layout)

{

    int count;

    uint64_t x = channel_layout;

    for (count = 0; x; count++)

        x &= x-1; // unset lowest set bit

    return count;

}
",False,FFmpeg,cc276c85d15272df6e44fb3252657a43cbd49555
20826,"static void vde_from_qemu(void *opaque, const uint8_t *buf, int size)

{

    VDEState *s = opaque;

    int ret;

    for(;;) {

        ret = vde_send(s->vde, (const char *)buf, size, 0);

        if (ret < 0 && errno == EINTR) {

        } else {

            break;

        }

    }

}
",False,qemu,e3f5ec2b5e92706e3b807059f79b1fb5d936e567
3255,"static int v9fs_do_mksock(V9fsState *s, V9fsString *path)

{

    return s->ops->mksock(&s->ctx, path->data);

}
",False,qemu,63729c36924348e494d69adbbdec6fdda339b76b
3232,"int ff_socket_nonblock(int socket, int enable)

{

#ifdef __MINGW32__

   return ioctlsocket(socket, FIONBIO, &enable);

#else

   if (enable)

      return fcntl(socket, F_SETFL, fcntl(socket, F_GETFL) | O_NONBLOCK);

   else

      return fcntl(socket, F_SETFL, fcntl(socket, F_GETFL) & ~O_NONBLOCK);

#endif

}
",False,FFmpeg,6ff3f3e7cec7cd78a01d0bf76cbccfbe68dc0894
17647,"static void vnc_tls_handshake_io(void *opaque) {

    struct VncState *vs = (struct VncState *)opaque;



    VNC_DEBUG(""Handshake IO continue\n"");

    vnc_start_vencrypt_handshake(vs);

}
",False,qemu,494cb81741f867319f11ecfa0949168baf9f01d7
10187,"void bdrv_set_translation_hint(BlockDriverState *bs, int translation)

{

    bs->translation = translation;

}
",False,qemu,2b584959ed300ddff4acba0d7554becad5f274fd
18425,"int64_t xbzrle_cache_resize(int64_t new_size)

{

    if (new_size < TARGET_PAGE_SIZE) {

        return -1;

    }



    if (XBZRLE.cache != NULL) {

        return cache_resize(XBZRLE.cache, new_size / TARGET_PAGE_SIZE) *

            TARGET_PAGE_SIZE;

    }

    return pow2floor(new_size);

}
",True,qemu,fd8cec932c2ddc687e2da954978954b46a926f90
1418,"static DeviceState *sun4c_intctl_init(target_phys_addr_t addr,

                                      qemu_irq *parent_irq)

{

    DeviceState *dev;

    SysBusDevice *s;

    unsigned int i;



    dev = qdev_create(NULL, ""sun4c_intctl"");

    qdev_init(dev);



    s = sysbus_from_qdev(dev);



    for (i = 0; i < MAX_PILS; i++) {

        sysbus_connect_irq(s, i, parent_irq[i]);

    }

    sysbus_mmio_map(s, 0, addr);



    return dev;

}
",True,qemu,e23a1b33b53d25510320b26d9f154e19c6c99725
10683,"void qvirtio_pci_foreach(QPCIBus *bus, uint16_t device_type,

                void (*func)(QVirtioDevice *d, void *data), void *data)

{

    QVirtioPCIForeachData d = { .func = func,

                                .device_type = device_type,

                                .user_data = data };



    qpci_device_foreach(bus, PCI_VENDOR_ID_REDHAT_QUMRANET, -1,

                                qvirtio_pci_foreach_callback, &d);

}
",True,qemu,c4523aae0664aecaa366d45e3d0f3d810ca33062
26296,"static bool is_special_wait_psw(CPUState *cs)

{

    /* signal quiesce */

    return cs->kvm_run->psw_addr == 0xfffUL;

}
",True,qemu,83f7f32901c630f4fc01acd0d9082da466b17102
10835,"const char *avio_enum_protocols(void **opaque, int output)

{

    URLProtocol *p;

    *opaque = ffurl_protocol_next(*opaque);

    if (!(p = *opaque))

        return NULL;

    if ((output && p->url_write) || (!output && p->url_read))

        return p->name;

    return avio_enum_protocols(opaque, output);

}
",False,FFmpeg,2758cdedfb7ac61f8b5e4861f99218b6fd43491d
20720,"static void yuv_a_to_rgba(const uint8_t *ycbcr, const uint8_t *alpha, uint32_t *rgba, int num_values)

{

    const uint8_t *cm = ff_crop_tab + MAX_NEG_CROP;

    uint8_t r, g, b;

    int i, y, cb, cr;

    int r_add, g_add, b_add;



    for (i = num_values; i > 0; i--) {

        y = *ycbcr++;

        cr = *ycbcr++;

        cb = *ycbcr++;

        YUV_TO_RGB1_CCIR(cb, cr);

        YUV_TO_RGB2_CCIR(r, g, b, y);

        *rgba++ = (*alpha++ << 24) | (r << 16) | (g << 8) | b;

    }

}
",True,FFmpeg,ce7098b8f2b59c62b5abdb3d74819db75cf67698
4757,"void OPPROTO op_check_addo (void)

{

    if (likely(!(((uint32_t)T2 ^ (uint32_t)T1 ^ UINT32_MAX) &

                 ((uint32_t)T2 ^ (uint32_t)T0) & (1UL << 31)))) {

        xer_ov = 0;

    } else {

        xer_so = 1;

        xer_ov = 1;

    }

    RETURN();

}
",True,qemu,966439a67830239a6c520c5df6c55627b8153c8b
10762,"void ff_put_h264_qpel4_mc31_msa(uint8_t *dst, const uint8_t *src,

                                ptrdiff_t stride)

{

    avc_luma_hv_qrt_4w_msa(src - 2,

                           src - (stride * 2) +

                           sizeof(uint8_t), stride, dst, stride, 4);

}
",False,FFmpeg,2aab7c2dfaca4386c38e5d565cd2bf73096bcc86
5526,"void scsi_req_dequeue(SCSIRequest *req)

{

    trace_scsi_req_dequeue(req->dev->id, req->lun, req->tag);

    if (req->enqueued) {

        QTAILQ_REMOVE(&req->dev->requests, req, next);

        req->enqueued = false;

        scsi_req_unref(req);

    }

}
",True,qemu,a1f0cce2ac0243572ff72aa561da67fe3766a395
13091,"void do_POWER_abso (void)

{

    if (T0 == INT32_MIN) {

        T0 = INT32_MAX;

        xer_ov = 1;

        xer_so = 1;

    } else {

        T0 = -T0;

        xer_ov = 0;

    }

}
",True,qemu,d9bce9d99f4656ae0b0127f7472db9067b8f84ab
5970,"DeviceState *i2c_create_slave(i2c_bus *bus, const char *name, uint8_t addr)

{

    DeviceState *dev;



    dev = qdev_create(&bus->qbus, name);

    qdev_prop_set_uint8(dev, ""address"", addr);

    qdev_init(dev);

    return dev;

}
",True,qemu,e23a1b33b53d25510320b26d9f154e19c6c99725
14850,"static void virtio_net_vmstate_change(void *opaque, int running, int reason)

{

    VirtIONet *n = opaque;

    if (!running) {

        return;

    }

    /* This is called when vm is started, it will start vhost backend if

     * appropriate e.g. after migration. */

    virtio_net_set_status(&n->vdev, n->vdev.status);

}
",False,qemu,7f9744812291853425b614f68668f48d49882a1f
23431,"void rgb16tobgr32(const uint8_t *src, uint8_t *dst, unsigned int src_size)

{

	const uint16_t *end;

	uint8_t *d = (uint8_t *)dst;

	const uint16_t *s = (uint16_t *)src;

	end = s + src_size/2;

	while(s < end)

	{

		register uint16_t bgr;

		bgr = *s++;

		*d++ = (bgr&0xF800)>>8;

		*d++ = (bgr&0x7E0)>>3;

		*d++ = (bgr&0x1F)<<3;

		*d++ = 0;

	}

}
",True,FFmpeg,7f526efd17973ec6d2204f7a47b6923e2be31363
18003,"void mcf_uart_mm_init(MemoryRegion *sysmem,

                      target_phys_addr_t base,

                      qemu_irq irq,

                      CharDriverState *chr)

{

    mcf_uart_state *s;



    s = mcf_uart_init(irq, chr);

    memory_region_init_io(&s->iomem, &mcf_uart_ops, s, ""uart"", 0x40);

    memory_region_add_subregion(sysmem, base, &s->iomem);

}
",False,qemu,a8170e5e97ad17ca169c64ba87ae2f53850dab4c
1372,"static void filter_samples(AVFilterLink *inlink, AVFilterBufferRef *samplesref)

{

    AVFilterContext *ctx = inlink->dst;

    int i;



    for (i = 0; i < ctx->nb_outputs; i++)

        ff_filter_samples(inlink->dst->outputs[i],

                          avfilter_ref_buffer(samplesref, ~AV_PERM_WRITE));


}",True,FFmpeg,083d0f6be8a22ce936c4be6f17977104e516434f
1219,"int bdrv_child_check_perm(BdrvChild *c, uint64_t perm, uint64_t shared,

                          Error **errp)

{

    return bdrv_check_update_perm(c->bs, perm, shared, c, errp);

}
",False,qemu,46181129eac9a56d9a948667282dd03d5015f096
235,"uint32_t lduw_be_phys(target_phys_addr_t addr)

{

    return lduw_phys_internal(addr, DEVICE_BIG_ENDIAN);

}
",False,qemu,a8170e5e97ad17ca169c64ba87ae2f53850dab4c
19932,"static int cdrom_open(BlockDriverState *bs, QDict *options, int flags,

                      Error **errp)

{

    BDRVRawState *s = bs->opaque;

    int ret;



    s->type = FTYPE_CD;



    /* open will not fail even if no CD is inserted, so add O_NONBLOCK */

    ret = raw_open_common(bs, options, flags, O_NONBLOCK, errp);

    return ret;

}
",False,qemu,9be385980d37e8f4fd33f605f5fb1c3d144170a8
14791,"static av_cold int vaapi_encode_h265_init(AVCodecContext *avctx)

{

    return ff_vaapi_encode_init(avctx, &vaapi_encode_type_h265);

}
",False,FFmpeg,c8241e730f116f1c9cfc0b34110aa7f052e05332
6630,"static void perf_lifecycle(void)

{

    Coroutine *coroutine;

    unsigned int i, max;

    double duration;



    max = 1000000;



    g_test_timer_start();

    for (i = 0; i < max; i++) {

        coroutine = qemu_coroutine_create(empty_coroutine);

        qemu_coroutine_enter(coroutine, NULL);

    }

    duration = g_test_timer_elapsed();



    g_test_message(""Lifecycle %u iterations: %f s\n"", max, duration);

}
",True,qemu,0b8b8753e4d94901627b3e86431230f2319215c4
27072,"BlockDriverAIOCB *bdrv_aio_writev(BlockDriverState *bs, int64_t sector_num,
                                  QEMUIOVector *iov, int nb_sectors,
                                  BlockDriverCompletionFunc *cb, void *opaque)
{
    return bdrv_aio_rw_vector(bs, sector_num, iov, nb_sectors,
                              cb, opaque, 1);
}",True,qemu,71d0770c4cec9f1dc04f4dadcbf7fd6c335030a9
17463,"static void raven_pcihost_class_init(ObjectClass *klass, void *data)

{

    DeviceClass *dc = DEVICE_CLASS(klass);



    set_bit(DEVICE_CATEGORY_BRIDGE, dc->categories);

    dc->realize = raven_pcihost_realizefn;

    dc->fw_name = ""pci"";

    dc->no_user = 1;

}
",True,qemu,efec3dd631d94160288392721a5f9c39e50fb2bc
12854,"static void spin_reset(void *opaque)

{

    SpinState *s = opaque;

    int i;



    for (i = 0; i < MAX_CPUS; i++) {

        SpinInfo *info = &s->spin[i];



        info->pir = i;

        info->r3 = i;

        info->addr = 1;

    }

}
",False,qemu,6a2b3d89fa49ec060db646d196864a8fd15c10cf
24448,"static int nbd_co_readv(BlockDriverState *bs, int64_t sector_num,

                        int nb_sectors, QEMUIOVector *qiov)

{

    BDRVNBDState *s = bs->opaque;



    return nbd_client_session_co_readv(&s->client, sector_num,

                                       nb_sectors, qiov);

}
",False,qemu,f53a829bb9ef14be800556cbc02d8b20fc1050a7
12211,"static void do_change(const char *device, const char *target)

{

    if (strcmp(device, ""vnc"") == 0) {

	do_change_vnc(target);

    } else {

	do_change_block(device, target);

    }

}
",True,qemu,2ecea9b8de5cd74df314541b87f712ae77f862ec
17818,"static CharDriverState *qemu_chr_open_pp_fd(int fd)

{

    CharDriverState *chr;

    ParallelCharDriver *drv;



    if (ioctl(fd, PPCLAIM) < 0) {

        close(fd);

        return NULL;

    }



    drv = g_malloc0(sizeof(ParallelCharDriver));

    drv->fd = fd;

    drv->mode = IEEE1284_MODE_COMPAT;



    chr = qemu_chr_alloc();

    chr->chr_write = null_chr_write;

    chr->chr_ioctl = pp_ioctl;

    chr->chr_close = pp_close;

    chr->opaque = drv;



    return chr;

}
",True,qemu,2d528d45ecf5ee3c1a566a9f3d664464925ef830
17585,"static void decode_pulses(Pulse * pulse, GetBitContext * gb, const uint16_t * swb_offset) {

    int i;

    pulse->num_pulse = get_bits(gb, 2) + 1;

    pulse->pos[0]    = swb_offset[get_bits(gb, 6)];

    pulse->pos[0]   += get_bits(gb, 5);

    pulse->amp[0]    = get_bits(gb, 4);

    for (i = 1; i < pulse->num_pulse; i++) {

        pulse->pos[i] = get_bits(gb, 5) + pulse->pos[i-1];

        pulse->amp[i] = get_bits(gb, 4);

    }

}
",False,FFmpeg,aac0eda40754c010ab5156dcd5d0d1554937e9a7
21176,"static void celt_search_for_dual_stereo(OpusPsyContext *s, CeltFrame *f)
{
    float td1, td2;
    f->dual_stereo = 0;
    bands_dist(s, f, &td1);
    f->dual_stereo = 1;
    bands_dist(s, f, &td2);
    f->dual_stereo = td2 < td1;
    s->dual_stereo_used += td2 < td1;
}",True,FFmpeg,f141b353e60f1081185927a1e74a9ab46cae8bef
795,"static int ivi_mc(ivi_mc_func mc, int16_t *buf, const int16_t *ref_buf,

                  int offs, int mv_x, int mv_y, uint32_t pitch,

                  int mc_type)

{

    int ref_offs = offs + mv_y * pitch + mv_x;



    if (offs < 0 || ref_offs < 0 || !ref_buf)

        return AVERROR_INVALIDDATA;



    mc(buf + offs, ref_buf + ref_offs, pitch, mc_type);



    return 0;

}
",False,FFmpeg,25a6666f6c07c6ac8449a63d7fbce0dfd29c54cd
14402,"static void vnc_dpy_setdata(DisplayState *ds)

{

    /* We don't have to do anything */

}
",False,qemu,1d3323de5fe5656844ea57a16eb432f09a366140
2017,"static inline int get_symbol_inline(RangeCoder *c, uint8_t *state, int is_signed){

    if(get_rac(c, state+0))

        return 0;

    else{

        int i, e, a;

        e= 0;

        while(get_rac(c, state+1 + e) && e<9){ //1..10

            e++;

        }



        a= 1;

        for(i=e-1; i>=0; i--){

            a += a + get_rac(c, state+22 + i); //22..31

        }



        e= -(is_signed && get_rac(c, state+11 + e)); //11..21

        return (a^e)-e;

    }

}
",False,FFmpeg,68f8d33becbd73b4d0aa277f472a6e8e72ea6849
18930,"static uint32_t omap_l4_io_readh(void *opaque, target_phys_addr_t addr)

{

    unsigned int i = (addr - OMAP2_L4_BASE) >> TARGET_PAGE_BITS;



    return omap_l4_io_readh_fn[i](omap_l4_io_opaque[i], addr);

}
",False,qemu,92c0bba9a95739c92e959fe478cb1acb92fa5446
12829,"static uint32_t taihu_cpld_readb (void *opaque, hwaddr addr)

{

    taihu_cpld_t *cpld;

    uint32_t ret;



    cpld = opaque;

    switch (addr) {

    case 0x0:

        ret = cpld->reg0;

        break;

    case 0x1:

        ret = cpld->reg1;

        break;

    default:

        ret = 0;

        break;

    }



    return ret;

}
",False,qemu,e2a176dfda32f5cf80703c2921a19fe75850c38c
5122,"static void guest_fsfreeze_cleanup(void)

{

    int64_t ret;

    Error *err = NULL;



    if (ga_is_frozen(ga_state) == GUEST_FSFREEZE_STATUS_FROZEN) {

        ret = qmp_guest_fsfreeze_thaw(&err);

        if (ret < 0 || err) {

            slog(""failed to clean up frozen filesystems"");

        }

    }

}
",True,qemu,6f6867493cc00974de594a509cee5a3be61c64aa
17478,"static int chr_can_read(void *opaque)

{

    int can_read;

    SCLPConsole *scon = opaque;



    can_read = SIZE_BUFFER_VT220 - scon->iov_data_len;



    return can_read;

}
",True,qemu,760794f784f66e262a9ca32821ba202cdf3a3e4b
25775,"void *g_try_malloc(size_t n_bytes)

{

    __coverity_negative_sink__(n_bytes);

    return malloc(n_bytes == 0 ? 1 : n_bytes);

}
",True,qemu,9d7a4c6690ef9962a3b20034f65008f1ea15c1d6
26629,"static int decode_init_thread_copy(AVCodecContext *avctx)

{

    H264Context *h = avctx->priv_data;

    int ret;



    if (!avctx->internal->is_copy)

        return 0;

    memset(h->sps_buffers, 0, sizeof(h->sps_buffers));

    memset(h->pps_buffers, 0, sizeof(h->pps_buffers));



    ret = h264_init_context(avctx, h);

    if (ret < 0)

        return ret;



    h->context_initialized = 0;



    return 0;

}
",False,FFmpeg,bd737b5178f361a9b592691848f29a7a79603a7e
18114,"static bool bdrv_drain_recurse(BlockDriverState *bs)

{

    BdrvChild *child;

    bool waited;



    waited = bdrv_drain_poll(bs);



    if (bs->drv && bs->drv->bdrv_drain) {

        bs->drv->bdrv_drain(bs);

    }



    QLIST_FOREACH(child, &bs->children, next) {

        waited |= bdrv_drain_recurse(child->bs);

    }



    return waited;

}
",False,qemu,88b062c2036cfd05b5111147736a08ba05ea05a9
15319,"static int xv_write_trailer(AVFormatContext *s)

{

    XVContext *xv = s->priv_data;



    XShmDetach(xv->display, &xv->yuv_shminfo);

    shmdt(xv->yuv_image->data);

    XFree(xv->yuv_image);


    XCloseDisplay(xv->display);

    return 0;

}",True,FFmpeg,c617c669e9fce59905915c3ba1053f535add6a06
12030,"static void vhost_ccw_scsi_realize(VirtioCcwDevice *ccw_dev, Error **errp)

{

    VHostSCSICcw *dev = VHOST_SCSI_CCW(ccw_dev);

    DeviceState *vdev = DEVICE(&dev->vdev);

    Error *err = NULL;



    qdev_set_parent_bus(vdev, BUS(&ccw_dev->bus));

    object_property_set_bool(OBJECT(vdev), true, ""realized"", &err);

    if (err) {

        error_propagate(errp, err);

    }

}
",False,qemu,621ff94d5074d88253a5818c6b9c4db718fbfc65
13869,"static void get_id3_tag(AVFormatContext *s, int len)

{

    ID3v2ExtraMeta *id3v2_extra_meta = NULL;



    ff_id3v2_read(s, ID3v2_DEFAULT_MAGIC, &id3v2_extra_meta);

    if (id3v2_extra_meta)

        ff_id3v2_parse_apic(s, &id3v2_extra_meta);

    ff_id3v2_free_extra_meta(&id3v2_extra_meta);

}
",False,FFmpeg,5331773cc33ba26b9e26ace643d926219e46a17b
5816,"static const char *token_get_value(QObject *obj)

{

    return qdict_get_str(qobject_to_qdict(obj), ""token"");

}
",False,qemu,9bada8971173345ceb37ed1a47b00a01a4dd48cf
24872,"length_f(int argc, char **argv)

{

        int64_t size;

	char s1[64];



	size = bdrv_getlength(bs);

	if (size < 0) {

		printf(""getlength: %s"", strerror(size));

		return 0;

	}



	cvtstr(size, s1, sizeof(s1));

	printf(""%s\n"", s1);

	return 0;

}
",False,qemu,0923c577f993d61eeaf41f66db1e1010fa113976
5713,"static int vhost_user_set_vring_addr(struct vhost_dev *dev,

                                     struct vhost_vring_addr *addr)

{

    VhostUserMsg msg = {

        .request = VHOST_USER_SET_VRING_ADDR,

        .flags = VHOST_USER_VERSION,

        .payload.addr = *addr,

        .size = sizeof(msg.payload.addr),

    };



    vhost_user_write(dev, &msg, NULL, 0);



    return 0;

}
",True,qemu,c4843a45e3d4f3698b214275ab5e78cdb6a3d212
2326,"void vty_putchars(VIOsPAPRDevice *sdev, uint8_t *buf, int len)

{

    VIOsPAPRVTYDevice *dev = VIO_SPAPR_VTY_DEVICE(sdev);



    /* FIXME: should check the qemu_chr_fe_write() return value */

    qemu_chr_fe_write(dev->chardev, buf, len);

}
",True,qemu,6ab3fc32ea640026726bc5f9f4db622d0954fb8a
15952,"void qdict_del(QDict *qdict, const char *key)

{

    QDictEntry *entry;



    entry = qdict_find(qdict, key, tdb_hash(key) % QDICT_HASH_SIZE);

    if (entry) {

        LIST_REMOVE(entry, next);

        qentry_destroy(entry);

        qdict->size--;

    }

}
",False,qemu,72cf2d4f0e181d0d3a3122e04129c58a95da713e
11023,"static int copy_to_pbr(DCAXllDecoder *s, uint8_t *data, int size, int delay)

{

    if (size > DCA_XLL_PBR_BUFFER_MAX)

        return AVERROR(ENOSPC);



    if (!s->pbr_buffer && !(s->pbr_buffer = av_malloc(DCA_XLL_PBR_BUFFER_MAX + DCA_BUFFER_PADDING_SIZE)))

        return AVERROR(ENOMEM);



    memcpy(s->pbr_buffer, data, size);

    s->pbr_length = size;

    s->pbr_delay = delay;

    return 0;

}
",False,FFmpeg,d1f558b3628d3ab99fd93a98b5758ef1be45a5da
13714,"static int tcp_close(MigrationState *s)

{

    DPRINTF(""tcp_close\n"");

    if (s->fd != -1) {

        close(s->fd);

        s->fd = -1;

    }

    return 0;

}
",True,qemu,61a5872fd66be718ad022102bf813d7e4e9324c5
10728,"uint32_t HELPER(get_cp_reg)(CPUARMState *env, void *rip)

{

    const ARMCPRegInfo *ri = rip;



    return ri->readfn(env, ri);

}
",True,qemu,8d04fb55dec381bc5105cb47f29d918e579e8cbd
9585,"static uint32_t intel_hda_mmio_readw(void *opaque, target_phys_addr_t addr)

{

    IntelHDAState *d = opaque;

    const IntelHDAReg *reg = intel_hda_reg_find(d, addr);



    return intel_hda_reg_read(d, reg, 0xffff);

}
",False,qemu,a8170e5e97ad17ca169c64ba87ae2f53850dab4c
5020,"SCSIDevice *scsi_bus_legacy_add_drive(SCSIBus *bus, DriveInfo *dinfo, int unit)

{

    const char *driver;

    DeviceState *dev;



    driver = bdrv_is_sg(dinfo->bdrv) ? ""scsi-generic"" : ""scsi-disk"";

    dev = qdev_create(&bus->qbus, driver);

    qdev_prop_set_uint32(dev, ""scsi-id"", unit);

    qdev_prop_set_drive(dev, ""drive"", dinfo);

    if (qdev_init(dev) < 0)

        return NULL;

    return DO_UPCAST(SCSIDevice, qdev, dev);

}
",False,qemu,f8b6cc0070aab8b75bd082582c829be1353f395f
25123,"static int get_uint8_equal(QEMUFile *f, void *pv, size_t size)

{

    uint8_t *v = pv;

    uint8_t v2;

    qemu_get_8s(f, &v2);



    if (*v == v2) {

        return 0;

    }

    return -EINVAL;

}
",True,qemu,60fe637bf0e4d7989e21e50f52526444765c63b4
1090,"static inline int sym_quant(int c, int e, int levels)

{

    int v = ((((levels * c) >> (24 - e)) + 1) >> 1) + (levels >> 1);

    av_assert2(v >= 0 && v < levels);

    return v;

}
",True,FFmpeg,7f6e05cdfd1242a6774e89283b6e2cefde191590
15526,"void HELPER(wsr_lend)(uint32_t v)

{

    if (env->sregs[LEND] != v) {

        tb_invalidate_phys_page_range(

                env->sregs[LEND] - 1, env->sregs[LEND], 0);

        env->sregs[LEND] = v;

        tb_invalidate_phys_page_range(

                env->sregs[LEND] - 1, env->sregs[LEND], 0);

    }

}
",False,qemu,3d0be8a5c135dadcfbd68ed354007a8cece98849
4723,"int kvm_arch_insert_sw_breakpoint(CPUState *env, struct kvm_sw_breakpoint *bp)

{

    static const uint8_t int3 = 0xcc;



    if (cpu_memory_rw_debug(env, bp->pc, (uint8_t *)&bp->saved_insn, 1, 0) ||

        cpu_memory_rw_debug(env, bp->pc, (uint8_t *)&int3, 1, 1))

        return -EINVAL;

    return 0;

}
",False,qemu,b9bec74bcb16519a876ec21cd5277c526a9b512d
2973,"static void *qpa_audio_init (void)

{

    return &conf;

}
",True,qemu,ea9ebc2ce69198f7aca4b43652824c5d621ac978
11155,"static int local_mksock(FsContext *ctx2, const char *path)

{

    struct sockaddr_un addr;

    int s;



    addr.sun_family = AF_UNIX;

    snprintf(addr.sun_path, 108, ""%s"", rpath(ctx2, path));



    s = socket(PF_UNIX, SOCK_STREAM, 0);

    if (s == -1) {

        return -1;

    }



    if (bind(s, (struct sockaddr *)&addr, sizeof(addr))) {

        close(s);

        return -1;

    }



    close(s);

    return 0;

}
",False,qemu,63729c36924348e494d69adbbdec6fdda339b76b
15330,"void ff_biweight_h264_pixels16_8_msa(uint8_t *dst, uint8_t *src,

                                     int stride, int height,

                                     int log2_denom, int weight_dst,

                                     int weight_src, int offset)

{

    avc_biwgt_16width_msa(src, stride,

                          dst, stride,

                          height, log2_denom,

                          weight_src, weight_dst, offset);

}
",False,FFmpeg,bcd7bf7eeb09a395cc01698842d1b8be9af483fc
9835,"static void start_frame_overlay(AVFilterLink *inlink, AVFilterBufferRef *inpicref)

{

    AVFilterContext *ctx = inlink->dst;

    OverlayContext *over = ctx->priv;



    inpicref->pts = av_rescale_q(inpicref->pts, ctx->inputs[OVERLAY]->time_base,

                                 ctx->outputs[0]->time_base);



    if (!over->overpicref) over->overpicref      = inpicref;

    else                   over->overpicref_next = inpicref;

}
",True,FFmpeg,06bf6d3bc04979bd39ecdc7311d0daf8aee7e10f
1451,"static bool adding_first_cpu(void)

{

    CPUState *cpu;

    size_t count = 0;

    CPU_FOREACH(cpu) {

        count++;

        if (count > 1) {

            return false;

        }

    }

    return true;

}
",True,qemu,fff895dfdbe41965f7b0430e3d9e8b7bd8fc8eda
13833,"static void hl_decode_mb(H264Context *h){

    MpegEncContext * const s = &h->s;

    const int mb_xy= h->mb_xy;

    const int mb_type= s->current_picture.mb_type[mb_xy];

    int is_complex = h->is_complex || IS_INTRA_PCM(mb_type) || s->qscale == 0;



    if(ENABLE_H264_ENCODER && !s->decode)

        return;



    if (is_complex)

        hl_decode_mb_complex(h);

    else hl_decode_mb_simple(h);

}
",False,FFmpeg,1dd488e9559bbe411c6933fd8ff02450a4b3be7e
5566,"static int cow_test_bit(int64_t bitnum, const uint8_t *bitmap)

{

    return (bitmap[bitnum / 8] & (1 << (bitnum & 7))) != 0;

}
",False,qemu,550830f9351291c585c963204ad9127998b1c1ce
16758,"static void rtce_init(VIOsPAPRDevice *dev)

{

    size_t size = (dev->rtce_window_size >> SPAPR_VIO_TCE_PAGE_SHIFT)

        * sizeof(VIOsPAPR_RTCE);



    if (size) {

        dev->rtce_table = kvmppc_create_spapr_tce(dev->reg,

                                                  dev->rtce_window_size,

                                                  &dev->kvmtce_fd);



        if (!dev->rtce_table) {

            dev->rtce_table = g_malloc0(size);

        }

    }

}
",True,qemu,ad0ebb91cd8b5fdc4a583b03645677771f420a46
7434,"static void add_entry1(TiffEncoderContext *s,

                       enum TiffTags tag, enum TiffTypes type, int val)

{

    uint16_t w  = val;

    uint32_t dw = val;

    add_entry(s, tag, type, 1, type == TIFF_SHORT ? (void *)&w : (void *)&dw);

}
",False,FFmpeg,3c27275c1309190f2d6ed69140b67d014215b6c9
7995,"float64 int32_to_float64( int32 a STATUS_PARAM )

{

    flag zSign;

    uint32 absA;

    int8 shiftCount;

    bits64 zSig;



    if ( a == 0 ) return 0;

    zSign = ( a < 0 );

    absA = zSign ? - a : a;

    shiftCount = countLeadingZeros32( absA ) + 21;

    zSig = absA;

    return packFloat64( zSign, 0x432 - shiftCount, zSig<<shiftCount );



}
",False,qemu,f090c9d4ad5812fb92843d6470a1111c15190c4c
23806,"static int xen_host_pci_sysfs_path(const XenHostPCIDevice *d,

                                   const char *name, char *buf, ssize_t size)

{

    int rc;



    rc = snprintf(buf, size, ""/sys/bus/pci/devices/%04x:%02x:%02x.%d/%s"",

                  d->domain, d->bus, d->dev, d->func, name);



    if (rc >= size || rc < 0) {

        /* The output is truncated, or some other error was encountered */

        return -ENODEV;

    }

    return 0;

}
",True,qemu,599d0c45615b7d099d256738a586d0f63bc707e6
16168,"static int usb_device_init(USBDevice *dev)

{

    USBDeviceClass *klass = USB_DEVICE_GET_CLASS(dev);

    if (klass->init) {

        return klass->init(dev);

    }

    return 0;

}
",False,qemu,7d553f27fce284805d7f94603932045ee3bbb979
13893,"static void flush_buffer(ByteIOContext *s)

{

    if (s->buf_ptr > s->buffer) {

        if (s->write_packet)

            s->write_packet(s->opaque, s->buffer, s->buf_ptr - s->buffer);

        if(s->checksum_ptr){

            s->checksum= s->update_checksum(s->checksum, s->checksum_ptr, s->buf_ptr - s->checksum_ptr);

            s->checksum_ptr= s->buffer;

        }

        s->pos += s->buf_ptr - s->buffer;

    }

    s->buf_ptr = s->buffer;

}
",False,FFmpeg,465e1dadbef7596a3eb87089a66bb4ecdc26d3c4
127,"int av_reallocp_array(void *ptr, size_t nmemb, size_t size)

{

    void **ptrptr = ptr;

    void *ret;

    if (size <= 0 || nmemb >= INT_MAX / size)

        return AVERROR(ENOMEM);

    if (nmemb <= 0) {

        av_freep(ptr);

        return 0;

    }

    ret = av_realloc(*ptrptr, nmemb * size);

    if (!ret) {

        av_freep(ptr);

        return AVERROR(ENOMEM);

    }

    *ptrptr = ret;

    return 0;

}
",False,FFmpeg,c3e6e8f06c42499bd020fd0b37f9542150e6067b
26516,"static int virtio_net_has_buffers(VirtIONet *n, int bufsize)

{

    if (virtio_queue_empty(n->rx_vq) ||

        (n->mergeable_rx_bufs &&

         !virtqueue_avail_bytes(n->rx_vq, bufsize, 0))) {

        virtio_queue_set_notification(n->rx_vq, 1);

        return 0;

    }



    virtio_queue_set_notification(n->rx_vq, 0);

    return 1;

}
",True,qemu,06b1297017415ae6a07a0e97ad7d8e90b2d95823
22867,"static inline QEMUClock *qemu_clock_ptr(QEMUClockType type)

{

    return &qemu_clocks[type];

}
",False,qemu,c2b38b277a7882a592f4f2ec955084b2b756daaa
17984,"void ff_rm_free_rmstream (RMStream *rms)

{

    av_free(rms->videobuf);

    av_free(rms->audiobuf);

}
",True,FFmpeg,7d204e67e8f991bfdfb6a6e91b6855b6c5a782c0
20898,"mac_writereg(E1000State *s, int index, uint32_t val)

{

    uint32_t macaddr[2];



    s->mac_reg[index] = val;



    if (index == RA || index == RA + 1) {

        macaddr[0] = cpu_to_le32(s->mac_reg[RA]);

        macaddr[1] = cpu_to_le32(s->mac_reg[RA + 1]);

        qemu_format_nic_info_str(qemu_get_queue(s->nic), (uint8_t *)macaddr);

    }

}
",False,qemu,90d131fb6504ed12a37dc8433375cc683c30e9da
7353,"static inline int onenand_load_main(OneNANDState *s, int sec, int secn,

                void *dest)

{

    if (s->blk_cur) {

        return blk_read(s->blk_cur, sec, dest, secn) < 0;

    } else if (sec + secn > s->secs_cur) {

        return 1;

    }



    memcpy(dest, s->current + (sec << 9), secn << 9);



    return 0;

}
",True,qemu,441692ddd8321d5e0f09b163e86410e578d87236
7998,"void blkconf_serial(BlockConf *conf, char **serial)

{

    DriveInfo *dinfo;



    if (!*serial) {

        /* try to fall back to value set with legacy -drive serial=... */

        dinfo = drive_get_by_blockdev(conf->bs);

        if (*dinfo->serial) {

            *serial = g_strdup(dinfo->serial);

        }

    }

}
",False,qemu,577d0a38070d1d6c4c7fab5c2054380770b1ec6b
15550,"static int aio_epoll(AioContext *ctx, GPollFD *pfds,

                     unsigned npfd, int64_t timeout)

{

    assert(false);

}
",False,qemu,c2b38b277a7882a592f4f2ec955084b2b756daaa
11696,"void machine_register_compat_props(MachineState *machine)

{

    MachineClass *mc = MACHINE_GET_CLASS(machine);

    int i;

    GlobalProperty *p;



    if (!mc->compat_props) {

        return;

    }



    for (i = 0; i < mc->compat_props->len; i++) {

        p = g_array_index(mc->compat_props, GlobalProperty *, i);



        qdev_prop_register_global(p);

    }

}",True,qemu,adae837d40dea7100040136647e3de44898994df
7377,"static int pci_piix3_ide_initfn(PCIDevice *dev)

{

    PCIIDEState *d = DO_UPCAST(PCIIDEState, dev, dev);



    pci_config_set_vendor_id(d->dev.config, PCI_VENDOR_ID_INTEL);

    pci_config_set_device_id(d->dev.config, PCI_DEVICE_ID_INTEL_82371SB_1);

    return pci_piix_ide_initfn(d);

}
",False,qemu,25f8e2f512d87f0a77fc5c0b367dd200a7834d21
13182,"static void test_qemu_strtoul_underflow(void)

{

    const char *str = ""-99999999999999999999999999999999999999999999"";

    char f = 'X';

    const char *endptr = &f;

    unsigned long res = 999;

    int err;



    err  = qemu_strtoul(str, &endptr, 0, &res);



    g_assert_cmpint(err, ==, -ERANGE);

    g_assert_cmpint(res, ==, -1ul);

    g_assert(endptr == str + strlen(str));

}
",False,qemu,bc7c08a2c375acb7ae4d433054415588b176d34c
6445,"bool virtio_scsi_handle_ctrl_vq(VirtIOSCSI *s, VirtQueue *vq)

{

    VirtIOSCSIReq *req;

    bool progress = false;



    virtio_scsi_acquire(s);

    while ((req = virtio_scsi_pop_req(s, vq))) {

        progress = true;

        virtio_scsi_handle_ctrl_req(s, req);

    }

    virtio_scsi_release(s);

    return progress;

}
",True,qemu,71407786054cad26de7ef66718b2a57a4bcb49b5
24597,"static void bmdma_addr_write(void *opaque, target_phys_addr_t addr,

                             uint64_t data, unsigned width)

{

    BMDMAState *bm = opaque;

    int shift = addr * 8;

    uint32_t mask = (1ULL << (width * 8)) - 1;



#ifdef DEBUG_IDE

    printf(""%s: 0x%08x\n"", __func__, (unsigned)data);

#endif

    bm->addr &= ~(mask << shift);

    bm->addr |= ((data & mask) << shift) & ~3;

}
",False,qemu,a8170e5e97ad17ca169c64ba87ae2f53850dab4c
25278,"static void proxy_rewinddir(FsContext *ctx, V9fsFidOpenState *fs)

{

    rewinddir(fs->dir);

}
",False,qemu,494a8ebe713055d3946183f4b395f85a18b43e9e
15472,"static void scsi_device_destroy(SCSIDevice *s)

{

    SCSIDeviceClass *sc = SCSI_DEVICE_GET_CLASS(s);

    if (sc->destroy) {

        sc->destroy(s);

    }

}
",False,qemu,a818a4b69d47ca3826dee36878074395aeac2083
17259,"static int nvdec_vp9_end_frame(AVCodecContext *avctx)

{

    NVDECContext *ctx = avctx->internal->hwaccel_priv_data;

    int ret = ff_nvdec_end_frame(avctx);

    ctx->bitstream = NULL;

    return ret;

}
",False,FFmpeg,4c7b023d56e09a78a587d036db1b64bf7c493b3d
5403,"static TAPState *net_tap_fd_init(VLANState *vlan, int fd)

{

    TAPState *s;



    s = qemu_mallocz(sizeof(TAPState));

    if (!s)

        return NULL;

    s->fd = fd;

    s->vc = qemu_new_vlan_client(vlan, tap_receive, s);

    qemu_set_fd_handler(s->fd, tap_send, NULL, s);

    snprintf(s->vc->info_str, sizeof(s->vc->info_str), ""tap: fd=%d"", fd);

    return s;

}
",True,qemu,d861b05ea30e6ac177de9b679da96194ebe21afc
8915,"static void test_validate_list(TestInputVisitorData *data,

                                const void *unused)

{

    UserDefOneList *head = NULL;

    Visitor *v;



    v = validate_test_init(data, ""[ { 'string': 'string0', 'integer': 42 }, { 'string': 'string1', 'integer': 43 }, { 'string': 'string2', 'integer': 44 } ]"");



    visit_type_UserDefOneList(v, NULL, &head, &error_abort);

    qapi_free_UserDefOneList(head);

}
",False,qemu,b3db211f3c80bb996a704d665fe275619f728bd4
8226,"void qemu_iovec_destroy(QEMUIOVector *qiov)

{

    assert(qiov->nalloc != -1);




    g_free(qiov->iov);



}",True,qemu,bd83b3620517ef9f2079cfda465953e60263f623
2235,"static int decode_init_thread_copy(AVCodecContext *avctx)

{

    H264Context *h = avctx->priv_data;



    if (!avctx->internal->is_copy)

        return 0;

    memset(h->sps_buffers, 0, sizeof(h->sps_buffers));

    memset(h->pps_buffers, 0, sizeof(h->pps_buffers));




    h->rbsp_buffer[0]      = NULL;

    h->rbsp_buffer[1]      = NULL;

    h->rbsp_buffer_size[0] = 0;

    h->rbsp_buffer_size[1] = 0;

    h->context_initialized = 0;



    return 0;

}",True,FFmpeg,a06b0b1295c51d100101e0ca0434e199ad6de6b5
20130,"static void l2x0_class_init(ObjectClass *klass, void *data)

{

    SysBusDeviceClass *k = SYS_BUS_DEVICE_CLASS(klass);

    DeviceClass *dc = DEVICE_CLASS(klass);



    k->init = l2x0_priv_init;

    dc->vmsd = &vmstate_l2x0;

    dc->no_user = 1;

    dc->props = l2x0_properties;

    dc->reset = l2x0_priv_reset;

}
",True,qemu,efec3dd631d94160288392721a5f9c39e50fb2bc
7770,"void get_tmp_filename(char *filename, int size)

{

    char temp_dir[MAX_PATH];



    GetTempPath(MAX_PATH, temp_dir);

    GetTempFileName(temp_dir, ""qem"", 0, filename);

}
",True,qemu,c2d76497b6eafcaedc806e07804e7bed55a98a0b
19480,"static inline void gen_op_fcmps(int fccno, TCGv_i32 r_rs1, TCGv_i32 r_rs2)

{

    switch (fccno) {

    case 0:

        gen_helper_fcmps(cpu_env, r_rs1, r_rs2);

        break;

    case 1:

        gen_helper_fcmps_fcc1(cpu_env, r_rs1, r_rs2);

        break;

    case 2:

        gen_helper_fcmps_fcc2(cpu_env, r_rs1, r_rs2);

        break;

    case 3:

        gen_helper_fcmps_fcc3(cpu_env, r_rs1, r_rs2);

        break;

    }

}
",False,qemu,7385aed20db5d83979f683b9d0048674411e963c
15187,"static inline int check_fit(tcg_target_long val, unsigned int bits)

{

    return ((val << ((sizeof(tcg_target_long) * 8 - bits))

             >> (sizeof(tcg_target_long) * 8 - bits)) == val);

}
",False,qemu,57e49b40745ceb6c198cc58274b705afb5f20493
6467,"static inline bool migration_bitmap_clear_dirty(RAMState *rs, ram_addr_t addr)

{

    bool ret;

    int nr = addr >> TARGET_PAGE_BITS;

    unsigned long *bitmap = atomic_rcu_read(&rs->ram_bitmap)->bmap;



    ret = test_and_clear_bit(nr, bitmap);



    if (ret) {

        rs->migration_dirty_pages--;

    }

    return ret;

}
",True,qemu,06b106889a09277617fc8c542397a9f595ee605a
16777,"static uint8_t *l2cap_bframe_out(struct bt_l2cap_conn_params_s *parm, int len)

{

    struct l2cap_chan_s *chan = (struct l2cap_chan_s *) parm;



    if (len > chan->params.remote_mtu) {

        fprintf(stderr, ""%s: B-Frame for CID %04x longer than %i octets.\n"",

                        __func__,

                        chan->remote_cid, chan->params.remote_mtu);

        exit(-1);

    }



    return l2cap_pdu_out(chan->l2cap, chan->remote_cid, len);

}
",False,qemu,bf937a7965c1d1a6dce4f615d0ead2e2ab505004
22699,"static void delete_next_frame(AudioFrameQueue *afq)

{

    AudioFrame *f = afq->frame_queue;

    if (f) {

        afq->frame_queue = f->next;

        f->next = NULL;

        av_freep(&f);

    }

}
",False,FFmpeg,36583d23bdbe31e8845d3ca9162bce33fef6e48c
16868,"void blk_remove_bs(BlockBackend *blk)

{

    assert(blk->root->bs->blk == blk);



    notifier_list_notify(&blk->remove_bs_notifiers, blk);

    if (blk->public.throttle_state) {

        throttle_timers_detach_aio_context(&blk->public.throttle_timers);

    }



    blk_update_root_state(blk);



    blk->root->bs->blk = NULL;

    bdrv_root_unref_child(blk->root);

    blk->root = NULL;

}
",False,qemu,1f0c461b82d5ec2664ca0cfc9548f80da87a8f8a
26569,"void thread_pool_submit(ThreadPool *pool, ThreadPoolFunc *func, void *arg)

{

    thread_pool_submit_aio(pool, func, arg, NULL, NULL);

}
",False,qemu,c2b38b277a7882a592f4f2ec955084b2b756daaa
3365,"LinuxAioState *aio_get_linux_aio(AioContext *ctx)

{

    if (!ctx->linux_aio) {

        ctx->linux_aio = laio_init();

        laio_attach_aio_context(ctx->linux_aio, ctx);

    }

    return ctx->linux_aio;

}
",False,qemu,c2b38b277a7882a592f4f2ec955084b2b756daaa
18353,"static void cirrus_mmio_write(void *opaque, target_phys_addr_t addr,

                              uint64_t val, unsigned size)

{

    CirrusVGAState *s = opaque;



    if (addr >= 0x100) {

	cirrus_mmio_blt_write(s, addr - 0x100, val);

    } else {

        cirrus_vga_ioport_write(s, addr + 0x3c0, val);

    }

}
",False,qemu,a8170e5e97ad17ca169c64ba87ae2f53850dab4c
19520,"void qdev_prop_set_defaults(DeviceState *dev, Property *props)

{

    if (!props)

        return;

    while (props->name) {

        if (props->defval) {

            qdev_prop_cpy(dev, props, props->defval);

        }

        props++;

    }

}
",False,qemu,4f2d3d705c1ae7dce29254e2c4645c84e77a74d4
3477,"static void vtd_class_init(ObjectClass *klass, void *data)

{

    DeviceClass *dc = DEVICE_CLASS(klass);

    X86IOMMUClass *x86_class = X86_IOMMU_CLASS(klass);



    dc->reset = vtd_reset;

    dc->vmsd = &vtd_vmstate;

    dc->props = vtd_properties;

    dc->hotpluggable = false;

    x86_class->realize = vtd_realize;

    x86_class->int_remap = vtd_int_remap;






}",True,qemu,e4f4fb1eca795e36f363b4647724221e774523c1
14962,"static void end_list(Visitor *v)

{

    StringInputVisitor *siv = to_siv(v);

    siv->head = true;

}
",False,qemu,d9f62dde1303286b24ac8ce88be27e2b9b9c5f46
11612,"static uint64_t bmdma_addr_read(void *opaque, target_phys_addr_t addr,

                                unsigned width)

{

    BMDMAState *bm = opaque;

    uint32_t mask = (1ULL << (width * 8)) - 1;

    uint64_t data;



    data = (bm->addr >> (addr * 8)) & mask;

#ifdef DEBUG_IDE

    printf(""%s: 0x%08x\n"", __func__, (unsigned)*data);

#endif

    return data;

}
",False,qemu,552908fef5b67ad9d96b76d7cb8371ebc26c9bc8
27290,"static void qxl_reset_surfaces(PCIQXLDevice *d)

{

    dprint(d, 1, ""%s:\n"", __FUNCTION__);

    d->mode = QXL_MODE_UNDEFINED;

    qemu_mutex_unlock_iothread();

    d->ssd.worker->destroy_surfaces(d->ssd.worker);

    qemu_mutex_lock_iothread();

    memset(&d->guest_surfaces.cmds, 0, sizeof(d->guest_surfaces.cmds));

}
",True,qemu,196a778428989217b82de042725dc8eb29c8f8d8
15622,"void do_subfeo (void)

{

    T2 = T0;

    T0 = T1 + ~T0 + xer_ca;

    if (likely(!((~T2 ^ T1 ^ (-1)) & (~T2 ^ T0) & (1 << 31)))) {

        xer_ov = 0;

    } else {

        xer_so = 1;

        xer_ov = 1;

    }

    if (likely(T0 >= T1 && (xer_ca == 0 || T0 != T1))) {

        xer_ca = 0;

    } else {

        xer_ca = 1;

    }

}
",True,qemu,d9bce9d99f4656ae0b0127f7472db9067b8f84ab
6748,"int ide_get_geometry(BusState *bus, int unit,

                     int16_t *cyls, int8_t *heads, int8_t *secs)

{

    IDEState *s = &DO_UPCAST(IDEBus, qbus, bus)->ifs[unit];



    if (s->drive_kind != IDE_HD || !s->bs) {

        return -1;

    }



    *cyls = s->cylinders;

    *heads = s->heads;

    *secs = s->sectors;

    return 0;

}
",False,qemu,4be746345f13e99e468c60acbd3a355e8183e3ce
4321,"int rom_add_blob(const char *name, const void *blob, size_t len,

                 target_phys_addr_t addr)

{

    Rom *rom;



    rom = g_malloc0(sizeof(*rom));

    rom->name    = g_strdup(name);

    rom->addr    = addr;

    rom->romsize = len;

    rom->data    = g_malloc0(rom->romsize);

    memcpy(rom->data, blob, len);

    rom_insert(rom);

    return 0;

}
",False,qemu,a8170e5e97ad17ca169c64ba87ae2f53850dab4c
9613,"static void unassigned_mem_writel(void *opaque, target_phys_addr_t addr, uint32_t val)

{

#ifdef DEBUG_UNASSIGNED

    printf(""Unassigned mem write "" TARGET_FMT_plx "" = 0x%x\n"", addr, val);

#endif

#if defined(TARGET_ALPHA) || defined(TARGET_SPARC) || defined(TARGET_MICROBLAZE)

    do_unassigned_access(addr, 1, 0, 0, 4);

#endif

}
",True,qemu,b14ef7c9ab41ea824c3ccadb070ad95567cca84e
8,"static void filter_mirror_setup(NetFilterState *nf, Error **errp)
{
    MirrorState *s = FILTER_MIRROR(nf);
    Chardev *chr;
    chr = qemu_chr_find(s->outdev);
    if (chr == NULL) {
        error_set(errp, ERROR_CLASS_DEVICE_NOT_FOUND,
                  ""Device '%s' not found"", s->outdev);
    qemu_chr_fe_init(&s->chr_out, chr, errp);",True,qemu,aa1530dec499f7525d2ccaa0e3a876dc8089ed1e
6185,"static void dummy_event_handler(void *opaque)

{

}
",False,qemu,d3b12f5dec4b27ebab58fb5797cb67bacced773b
23488,"static void ff_h264_idct8_add4_mmx(uint8_t *dst, const int *block_offset, DCTELEM *block, int stride, const uint8_t nnzc[6*8]){

    int i;

    for(i=0; i<16; i+=4){

        if(nnzc[ scan8[i] ])

            ff_h264_idct8_add_mmx(dst + block_offset[i], block + i*16, stride);

    }

}
",False,FFmpeg,1d16a1cf99488f16492b1bb48e023f4da8377e07
5510,"struct GuestAgentInfo *qmp_guest_info(Error **errp)

{

    GuestAgentInfo *info = g_malloc0(sizeof(GuestAgentInfo));



    info->version = g_strdup(QEMU_VERSION);

    qmp_for_each_command(qmp_command_info, info);

    return info;

}
",True,qemu,f3a06403b82c7f036564e4caf18b52ce6885fcfb
19712,"PPC_OP(cmpli)

{

    if (T0 < PARAM(1)) {

        T0 = 0x08;

    } else if (T0 > PARAM(1)) {

        T0 = 0x04;

    } else {

        T0 = 0x02;

    }

    RETURN();

}
",True,qemu,d9bce9d99f4656ae0b0127f7472db9067b8f84ab
7690,"void virtqueue_map_sg(struct iovec *sg, hwaddr *addr,
    size_t num_sg, int is_write)
{
    unsigned int i;
    hwaddr len;
    for (i = 0; i < num_sg; i++) {
        len = sg[i].iov_len;
        sg[i].iov_base = cpu_physical_memory_map(addr[i], &len, is_write);
        if (sg[i].iov_base == NULL || len != sg[i].iov_len) {
            error_report(""virtio: trying to map MMIO memory"");",True,qemu,36cf2a37132c7f01fa9adb5f95f5312b27742fd4
22837,"static int tmp105_tx(I2CSlave *i2c, uint8_t data)

{

    TMP105State *s = (TMP105State *) i2c;



    if (!s->len ++)

        s->pointer = data;

    else {

        if (s->len <= 2)

            s->buf[s->len - 1] = data;

        tmp105_write(s);

    }



    return 0;

}
",True,qemu,cb5ef3fa1871522a0886627033459e94bd537fb7
10897,"static bool nvic_user_access_ok(NVICState *s, hwaddr offset)

{

    /* Return true if unprivileged access to this register is permitted. */

    switch (offset) {

    case 0xf00: /* STIR: accessible only if CCR.USERSETMPEND permits */

        return s->cpu->env.v7m.ccr & R_V7M_CCR_USERSETMPEND_MASK;

    default:

        /* All other user accesses cause a BusFault unconditionally */

        return false;

    }

}
",False,qemu,9d40cd8a68cfc7606f4548cc9e812bab15c6dc28
16648,"QError *qerror_new(void)

{

    QError *qerr;



    qerr = g_malloc0(sizeof(*qerr));

    QOBJECT_INIT(qerr, &qerror_type);



    return qerr;

}
",False,qemu,2a74440547ea0a15195224fa2b7784b267cbfe15
12817,"static void gen_isync(DisasContext *ctx)

{

    /*

     * We need to check for a pending TLB flush. This can only happen in

     * kernel mode however so check MSR_PR

     */

    if (!ctx->pr) {

        gen_check_tlb_flush(ctx);

    }

    gen_stop_exception(ctx);

}
",True,qemu,e3cffe6fad29e07d401eabb913a6d88501d5c143
4273,"static char *visitor_get(TestOutputVisitorData *data)

{

    data->str = string_output_get_string(data->sov);

    g_assert(data->str);

    return data->str;

}
",False,qemu,3b098d56979d2f7fd707c5be85555d114353a28d
24635,"static inline bool rom_order_compare(Rom *rom, Rom *item)

{

    return (rom->as > item->as) ||

           (rom->as == item->as && rom->addr >= item->addr);

}
",True,qemu,1b57bd4f2f4993104a5cb48912435396faa10d58
9226,"static void spapr_drc_release(sPAPRDRConnector *drc)

{

    sPAPRDRConnectorClass *drck = SPAPR_DR_CONNECTOR_GET_CLASS(drc);



    drck->release(drc->dev);



    drc->awaiting_release = false;

    g_free(drc->fdt);

    drc->fdt = NULL;

    drc->fdt_start_offset = 0;

    object_property_del(OBJECT(drc), ""device"", &error_abort);

    drc->dev = NULL;

}
",False,qemu,f1c52354e5bdab6983d13a4c174759c585e834b3
7969,"static void qvirtio_9p_start(void)

{

    char *args;



    test_share = g_strdup(""/tmp/qtest.XXXXXX"");

    g_assert_nonnull(mkdtemp(test_share));



    args = g_strdup_printf(""-fsdev local,id=fsdev0,security_model=none,path=%s ""

                           ""-device virtio-9p-pci,fsdev=fsdev0,mount_tag=%s"",

                           test_share, mount_tag);



    qtest_start(args);

    g_free(args);

}
",False,qemu,a980f7f2c2f4d7e9a1eba4f804cd66dbd458b6d4
12520,"static void mov_text_cleanup_ftab(MovTextContext *m)

{

    int i;

    for(i = 0; i < m->count_f; i++) {

        av_freep(&m->ftab[i]->font);

        av_freep(&m->ftab[i]);

    }

    av_freep(&m->ftab);

}
",True,FFmpeg,ae413a48e64274b9740c3b27398fea92108a0f0e
17842,"void qdev_prop_set_globals(DeviceState *dev)

{

    ObjectClass *class = object_get_class(OBJECT(dev));



    do {

        qdev_prop_set_globals_for_type(dev, object_class_get_name(class));

        class = object_class_get_parent(class);

    } while (class);

}
",True,qemu,5eb6a3c50185e101f87382f41fb66eed5784e7ac
11027,"static void sigill_handler (int sig)

{

    if (!canjump) {

        signal (sig, SIG_DFL);

        raise (sig);

    }



    canjump = 0;

    siglongjmp (jmpbuf, 1);

}
",False,FFmpeg,89523beea45e265d985aace8be79b45e94f21e6b
4818,"static void qdev_print_devinfo(DeviceClass *dc)

{

    error_printf(""name \""%s\"""", object_class_get_name(OBJECT_CLASS(dc)));

    if (dc->bus_type) {

        error_printf("", bus %s"", dc->bus_type);

    }

    if (qdev_class_has_alias(dc)) {

        error_printf("", alias \""%s\"""", qdev_class_get_alias(dc));

    }

    if (dc->desc) {

        error_printf("", desc \""%s\"""", dc->desc);

    }

    if (dc->no_user) {

        error_printf("", no-user"");

    }

    error_printf(""\n"");

}
",True,qemu,efec3dd631d94160288392721a5f9c39e50fb2bc
3800,"void qemu_bh_schedule_idle(QEMUBH *bh)

{

    if (bh->scheduled)

        return;

    bh->scheduled = 1;

    bh->idle = 1;

}
",False,qemu,dcc772e2f2b7c2a68644133fea2b874f6751a57b
18127,"static void pxa2xx_i2c_slave_class_init(ObjectClass *klass, void *data)

{

    I2CSlaveClass *k = I2C_SLAVE_CLASS(klass);



    k->init = pxa2xx_i2c_slave_init;

    k->event = pxa2xx_i2c_event;

    k->recv = pxa2xx_i2c_rx;

    k->send = pxa2xx_i2c_tx;

}
",False,qemu,9e41bade85ef338afd983c109368d1bbbe931f80
23545,"void qemu_input_event_sync(void)

{

    QemuInputHandlerState *s;



    if (!runstate_is_running() && !runstate_check(RUN_STATE_SUSPENDED)) {

        return;

    }



    trace_input_event_sync();



    QTAILQ_FOREACH(s, &handlers, node) {

        if (!s->events) {

            continue;

        }

        if (s->handler->sync) {

            s->handler->sync(s->dev);

        }

        s->events = 0;

    }

}
",False,qemu,ee312992a323530ea2cda8680f3a34746c72db8f
26426,"bool visit_start_union(Visitor *v, bool data_present, Error **errp)

{

    if (v->start_union) {

        return v->start_union(v, data_present, errp);

    }

    return true;

}
",True,qemu,544a3731591f5d53e15f22de00ce5ac758d490b3
22,"static void emulated_push_error(EmulatedState *card, uint64_t code)

{

    EmulEvent *event = (EmulEvent *)g_malloc(sizeof(EmulEvent));



    assert(event);

    event->p.error.type = EMUL_ERROR;

    event->p.error.code = code;

    emulated_push_event(card, event);

}
",True,qemu,98f343395e937fa1db3a28dfb4f303f97cfddd6c
17358,"static void opt_frame_pad_bottom(const char *arg)

{

    frame_padbottom = atoi(arg);

    if (frame_padbottom < 0) {

        fprintf(stderr, ""Incorrect bottom pad size\n"");

        av_exit(1);

    }

}
",False,FFmpeg,0c22311b56e66115675c4a96e4c78547886a4171
18621,"void string_output_visitor_cleanup(StringOutputVisitor *sov)

{

    if (sov->string) {

        g_string_free(sov->string, true);

    }



    g_list_foreach(sov->ranges, free_range, NULL);

    g_list_free(sov->ranges);

    g_free(sov);

}
",False,qemu,e7ca56562990991bc614a43b9351ee0737f3045d
21704,"static int qemu_reset_requested(void)

{

    int r = reset_requested;

    if (r && replay_checkpoint(CHECKPOINT_RESET_REQUESTED)) {

        reset_requested = 0;

        return r;

    }

    return false;

}
",True,qemu,aedbe19297907143f17b733a7ff0e0534377bed1
8666,"static void gen_op_mull_T0_T1(void)

{

    TCGv tmp1 = tcg_temp_new(TCG_TYPE_I64);

    TCGv tmp2 = tcg_temp_new(TCG_TYPE_I64);



    tcg_gen_extu_i32_i64(tmp1, cpu_T[0]);

    tcg_gen_extu_i32_i64(tmp2, cpu_T[1]);

    tcg_gen_mul_i64(tmp1, tmp1, tmp2);

    tcg_gen_trunc_i64_i32(cpu_T[0], tmp1);

    tcg_gen_shri_i64(tmp1, tmp1, 32);

    tcg_gen_trunc_i64_i32(cpu_T[1], tmp1);

}
",False,qemu,a7812ae412311d7d47f8aa85656faadac9d64b56
24673,"static int decode_end(AVCodecContext * avctx)

{

    KmvcContext *const c = (KmvcContext *) avctx->priv_data;



    if (c->frm0)

        av_free(c->frm0);

    if (c->frm1)

        av_free(c->frm1);

    if (c->pic.data[0])

        avctx->release_buffer(avctx, &c->pic);



    return 0;

}
",False,FFmpeg,34a8dcd031d637273cdea021e5a79cf720c4c51c
19489,"static void tpm_tis_receive_cb(TPMState *s, uint8_t locty)

{

    TPMTISEmuState *tis = &s->s.tis;



    assert(s->locty_number == locty);



    qemu_bh_schedule(tis->bh);

}
",False,qemu,fd859081453f94c3cbd6527289e41b7fddbf645f
24543,"static int cdrom_probe_device(const char *filename)

{

    if (strstart(filename, ""/dev/cd"", NULL))

        return 100;

    return 0;

}
",True,qemu,3baf720e6b920d583ce2834d05e5a4e9603a1d56
8624,"static int unin_agp_pci_host_init(PCIDevice *d)

{

    pci_config_set_vendor_id(d->config, PCI_VENDOR_ID_APPLE);

    pci_config_set_device_id(d->config, PCI_DEVICE_ID_APPLE_UNI_N_AGP);

    d->config[0x08] = 0x00; // revision

    pci_config_set_class(d->config, PCI_CLASS_BRIDGE_HOST);

    d->config[0x0C] = 0x08; // cache_line_size

    d->config[0x0D] = 0x10; // latency_timer

    //    d->config[0x34] = 0x80; // capabilities_pointer

    return 0;

}
",False,qemu,d7b61ecc61f84d23f98f1ee270fb48b41834ca00
21313,"static void bdrv_drain_recurse(BlockDriverState *bs)

{

    BdrvChild *child;



    if (bs->drv && bs->drv->bdrv_drain) {

        bs->drv->bdrv_drain(bs);

    }

    QLIST_FOREACH(child, &bs->children, next) {

        bdrv_drain_recurse(child->bs);

    }

}
",False,qemu,d42cf28837801cd1f835089fe9db2a42a1af55cd
14968,"void AUD_remove_card (QEMUSoundCard *card)

{

    LIST_REMOVE (card, entries);

    qemu_free (card->name);

}
",False,qemu,72cf2d4f0e181d0d3a3122e04129c58a95da713e
17305,"static void virtio_blk_dma_restart_cb(void *opaque, int running, int reason)

{

    VirtIOBlock *s = opaque;

    VirtIOBlockReq *req = s->rq;



    if (!running)

        return;



    s->rq = NULL;



    while (req) {

        virtio_blk_handle_write(req);

        req = req->next;

    }

}
",False,qemu,213189ab65d83ecd9072f27c80a15dcb91b6bdbf
1701,"CharDriverState *qemu_chr_find(const char *name)

{

    CharDriverState *chr;



    TAILQ_FOREACH(chr, &chardevs, next) {

        if (strcmp(chr->label, name) != 0)

            continue;

        return chr;

    }

    return NULL;

}
",False,qemu,72cf2d4f0e181d0d3a3122e04129c58a95da713e
10376,"static void qmp_output_type_null(Visitor *v, const char *name, Error **errp)

{

    QmpOutputVisitor *qov = to_qov(v);

    qmp_output_add_obj(qov, name, qnull());

}
",False,qemu,b3db211f3c80bb996a704d665fe275619f728bd4
14034,"static void ahci_irq_lower(AHCIState *s, AHCIDevice *dev)

{

    AHCIPCIState *d = container_of(s, AHCIPCIState, ahci);



    DPRINTF(0, ""lower irq\n"");



    if (!msi_enabled(PCI_DEVICE(d))) {

        qemu_irq_lower(s->irq);

    }

}
",True,qemu,bd16430777cc3d25930e479fdbe290d92cec0888
16909,"void helper_ldl_l_raw(uint64_t t0, uint64_t t1)

{

    env->lock = t1;

    ldl_raw(t1, t0);

}
",False,qemu,2374e73edafff0586cbfb67c333c5a7588f81fd5
20530,"static inline int name_to_handle(int dirfd, const char *name,

                                 struct file_handle *fh, int *mnt_id, int flags)

{

    return syscall(__NR_name_to_handle_at, dirfd, name, fh, mnt_id, flags);

}
",False,qemu,d20423788e3a3d5f6a2aad8315779bf3f952ca36
22223,"static void nbd_close(BlockDriverState *bs)
{
    nbd_teardown_connection(bs);
}",True,qemu,d2d979c628e4b2c4a3cb71a31841875795c79043
882,"static void openpic_load_IRQ_queue(QEMUFile* f, IRQQueue *q)

{

    unsigned int i;



    for (i = 0; i < BF_WIDTH(MAX_IRQ); i++)

        qemu_get_be32s(f, &q->queue[i]);



    qemu_get_sbe32s(f, &q->next);

    qemu_get_sbe32s(f, &q->priority);

}
",False,qemu,e69a17f65e9f12f33c48b04a789e49d40a8993f5
21664,"static int apc_probe(AVProbeData *p)

{

    if (p->buf_size < 8)

        return 0;



    if (!strncmp(p->buf, ""CRYO_APC"", 8))

        return AVPROBE_SCORE_MAX;



    return 0;

}
",False,FFmpeg,87e8788680e16c51f6048af26f3f7830c35207a5
21746,"static struct omap_pwt_s *omap_pwt_init(MemoryRegion *system_memory,

                                        target_phys_addr_t base,

                                        omap_clk clk)

{

    struct omap_pwt_s *s = g_malloc0(sizeof(*s));

    s->clk = clk;

    omap_pwt_reset(s);



    memory_region_init_io(&s->iomem, &omap_pwt_ops, s,

                          ""omap-pwt"", 0x800);

    memory_region_add_subregion(system_memory, base, &s->iomem);

    return s;

}
",False,qemu,a8170e5e97ad17ca169c64ba87ae2f53850dab4c
16731,"void blockdev_mark_auto_del(BlockDriverState *bs)

{

    BlockBackend *blk = bs->blk;

    DriveInfo *dinfo = blk_legacy_dinfo(blk);



    if (dinfo && !dinfo->enable_auto_del) {

        return;

    }



    if (bs->job) {

        block_job_cancel(bs->job);

    }

    if (dinfo) {

        dinfo->auto_del = 1;

    }

}
",False,qemu,4be746345f13e99e468c60acbd3a355e8183e3ce
18795,"static int pci_slot_get_pirq(PCIDevice *pci_dev, int irq_num)

{

    int slot_addend;

    slot_addend = (pci_dev->devfn >> 3) - 1;

    return (irq_num + slot_addend) & 3;

}
",False,qemu,ab431c283e7055bcd6fb622f212bb29e84a6a134
2158,"static inline void downmix_2f_1r_to_stereo(float *samples)

{

    int i;



    for (i = 0; i < 256; i++) {

        samples[i] += samples[i + 512];

        samples[i + 256] += samples[i + 512];

        samples[i + 512] = 0;

    }

}
",False,FFmpeg,0058584580b87feb47898e60e4b80c7f425882ad
9514,"static void kvmclock_class_init(ObjectClass *klass, void *data)

{

    DeviceClass *dc = DEVICE_CLASS(klass);



    dc->realize = kvmclock_realize;

    dc->vmsd = &kvmclock_vmsd;

    dc->props = kvmclock_properties;






}",True,qemu,e4f4fb1eca795e36f363b4647724221e774523c1
10212,"static bool balloon_stats_supported(const VirtIOBalloon *s)

{

    VirtIODevice *vdev = VIRTIO_DEVICE(s);

    return vdev->guest_features & (1 << VIRTIO_BALLOON_F_STATS_VQ);

}
",False,qemu,ef546f1275f6563e8934dd5e338d29d9f9909ca6
1683,"static target_long monitor_get_decr (const struct MonitorDef *md, int val)

{

    CPUState *env = mon_get_cpu();

    if (!env)

        return 0;

    return cpu_ppc_load_decr(env);

}
",True,qemu,09b9418c6d085a0728372aa760ebd10128a020b1
2978,"void timer_deinit(QEMUTimer *ts)

{

    assert(ts->expire_time == -1);

    ts->timer_list = NULL;

}
",False,qemu,c2b38b277a7882a592f4f2ec955084b2b756daaa
10579,"static inline void gen_op_eval_bl(TCGv dst, TCGv_i32 src)

{

    gen_mov_reg_V(cpu_tmp0, src);

    gen_mov_reg_N(dst, src);

    tcg_gen_xor_tl(dst, dst, cpu_tmp0);

}
",False,qemu,de9e9d9f17a36ff76c1a02a5348835e5e0a081b0
14271,"void ide_dma_cancel(BMDMAState *bm)

{

    if (bm->status & BM_STATUS_DMAING) {

        bm->status &= ~BM_STATUS_DMAING;

        /* cancel DMA request */

        bm->unit = -1;

        bm->dma_cb = NULL;

        if (bm->aiocb) {

#ifdef DEBUG_AIO

            printf(""aio_cancel\n"");

#endif

            bdrv_aio_cancel(bm->aiocb);

            bm->aiocb = NULL;

        }

    }

}
",False,qemu,38d8dfa193e9a45f0f08b06aab2ba2a94f40a041
16511,"static void vnc_handshake_io(void *opaque) {

    struct VncState *vs = (struct VncState *)opaque;



    VNC_DEBUG(""Handshake IO continue\n"");

    vnc_continue_handshake(vs);

}
",False,qemu,5fb6c7a8b26eab1a22207d24b4784bd2b39ab54b
15225,"void av_frame_unref(AVFrame *frame)
{
    int i;
    wipe_side_data(frame);
    for (i = 0; i < FF_ARRAY_ELEMS(frame->buf); i++)
        av_buffer_unref(&frame->buf[i]);
    for (i = 0; i < frame->nb_extended_buf; i++)
        av_buffer_unref(&frame->extended_buf[i]);
    av_freep(&frame->extended_buf);
    av_dict_free(&frame->metadata);
    av_buffer_unref(&frame->qp_table_buf);
    get_frame_defaults(frame);
}",True,FFmpeg,feb6a94f740bccc8e369f8b74714b940490f3901
22415,"static void vnc_write_s32(VncState *vs, int32_t value)

{

    vnc_write_u32(vs, *(uint32_t *)&value);

}
",False,qemu,5fb6c7a8b26eab1a22207d24b4784bd2b39ab54b
5177,"void virtio_panic(const char *string)

{

    sclp_print(string);

    disabled_wait();

    while (1) { }

}
",True,qemu,c9262e8a84a29f22fbb5edde5d17f4f6166d5ae1
17938,"static void piix4_ide_class_init(ObjectClass *klass, void *data)

{

    DeviceClass *dc = DEVICE_CLASS(klass);

    PCIDeviceClass *k = PCI_DEVICE_CLASS(klass);



    k->no_hotplug = 1;

    k->init = pci_piix_ide_initfn;

    k->exit = pci_piix_ide_exitfn;

    k->vendor_id = PCI_VENDOR_ID_INTEL;

    k->device_id = PCI_DEVICE_ID_INTEL_82371AB;

    k->class_id = PCI_CLASS_STORAGE_IDE;

    set_bit(DEVICE_CATEGORY_STORAGE, dc->categories);

    dc->no_user = 1;

}
",True,qemu,efec3dd631d94160288392721a5f9c39e50fb2bc
19823,"void ide_flush_cache(IDEState *s)

{

    if (s->bs == NULL) {

        ide_flush_cb(s, 0);

        return;

    }




    bdrv_acct_start(s->bs, &s->acct, 0, BDRV_ACCT_FLUSH);

    bdrv_aio_flush(s->bs, ide_flush_cb, s);

}",True,qemu,f68ec8379e88502b4841a110c070e9b118d3151c
9642,"static int proxy_utimensat(FsContext *s, V9fsPath *fs_path,

                           const struct timespec *buf)

{

    int retval;

    retval = v9fs_request(s->private, T_UTIME, NULL, ""sqqqq"",

                          fs_path,

                          buf[0].tv_sec, buf[0].tv_nsec,

                          buf[1].tv_sec, buf[1].tv_nsec);

    if (retval < 0) {

        errno = -retval;

    }

    return retval;

}
",False,qemu,494a8ebe713055d3946183f4b395f85a18b43e9e
16032,"void tcp_start_outgoing_migration(MigrationState *s,

                                  const char *host_port,

                                  Error **errp)

{

    Error *err = NULL;

    SocketAddress *saddr = tcp_build_address(host_port, &err);

    if (!err) {

        socket_start_outgoing_migration(s, saddr, &err);

    }

    error_propagate(errp, err);

}
",False,qemu,dfd100f242370886bb6732f70f1f7cbd8eb9fedc
18078,"static target_long monitor_get_psr (const struct MonitorDef *md, int val)

{

    CPUState *env = mon_get_cpu();

    if (!env)

        return 0;

    return GET_PSR(env);

}
",True,qemu,09b9418c6d085a0728372aa760ebd10128a020b1
1572,"int kvmppc_fixup_cpu(PowerPCCPU *cpu)

{

    CPUState *cs = CPU(cpu);

    int smt;



    /* Adjust cpu index for SMT */

    smt = kvmppc_smt_threads();

    cs->cpu_index = (cs->cpu_index / smp_threads) * smt

        + (cs->cpu_index % smp_threads);



    return 0;

}
",False,qemu,0ce470cd4ca88e84e547a3b95159d23ce6be419e
8030,"av_cold void ff_synth_filter_init(SynthFilterContext *c)

{

    c->synth_filter_float = synth_filter_float;



    if (ARCH_ARM) ff_synth_filter_init_arm(c);

    if (ARCH_X86) ff_synth_filter_init_x86(c);

}
",False,FFmpeg,705f5e5e155f6f280a360af220fc5b30cfcee702
17492,"int show_filters(void *optctx, const char *opt, const char *arg)

{

    AVFilter av_unused(**filter) = NULL;



    printf(""Filters:\n"");

#if CONFIG_AVFILTER

    while ((filter = av_filter_next(filter)) && *filter)

        printf(""%-16s %s\n"", (*filter)->name, (*filter)->description);

#endif

    return 0;

}
",False,FFmpeg,fa2a34cd40d124161c748bb0f430dc63c94dd0da
14789,"int bdrv_load_vmstate(BlockDriverState *bs, uint8_t *buf,

                      int64_t pos, int size)

{

    BlockDriver *drv = bs->drv;

    if (!drv)

        return -ENOMEDIUM;

    if (drv->bdrv_load_vmstate)

        return drv->bdrv_load_vmstate(bs, buf, pos, size);

    if (bs->file)

        return bdrv_load_vmstate(bs->file, buf, pos, size);

    return -ENOTSUP;

}
",False,qemu,61007b316cd71ee7333ff7a0a749a8949527575f
4734,"static int compute_send_delay(HTTPContext *c)

{

    int datarate = 8 * get_longterm_datarate(&c->datarate, c->data_count); 



    if (datarate > c->stream->bandwidth * 2000) {

        return 1000;

    }

    return 0;

}
",True,FFmpeg,1bc1cfdddf7ab8ef50d0fc888808d6b609eb5d8d
24611,"static ssize_t mp_dacl_getxattr(FsContext *ctx, const char *path,

                                const char *name, void *value, size_t size)

{

    char *buffer;

    ssize_t ret;



    buffer = rpath(ctx, path);

    ret = lgetxattr(buffer, MAP_ACL_DEFAULT, value, size);

    g_free(buffer);

    return ret;

}
",True,qemu,56ad3e54dad6cdcee8668d170df161d89581846f
11309,"static inline uint16_t vring_avail_idx(VirtQueue *vq)

{

    hwaddr pa;

    pa = vq->vring.avail + offsetof(VRingAvail, idx);

    return virtio_lduw_phys(vq->vdev, pa);

}
",False,qemu,be1fea9bc286f64c6c995bb0d7145a0b738aeddb
7359,"void helper_fxtoq(CPUSPARCState *env, int64_t src)

{

    /* No possible exceptions converting long long to long double.  */

    QT0 = int64_to_float128(src, &env->fp_status);

}
",False,qemu,7385aed20db5d83979f683b9d0048674411e963c
1407,"static void fw_cfg_write(FWCfgState *s, uint8_t value)

{

    int arch = !!(s->cur_entry & FW_CFG_ARCH_LOCAL);

    FWCfgEntry *e = &s->entries[arch][s->cur_entry & FW_CFG_ENTRY_MASK];



    FW_CFG_DPRINTF(""write %d\n"", value);



    if (s->cur_entry & FW_CFG_WRITE_CHANNEL && s->cur_offset < e->len) {

        e->data[s->cur_offset++] = value;

        if (s->cur_offset == e->len) {

            e->callback(e->callback_opaque, e->data);

            s->cur_offset = 0;

        }

    }

}
",True,qemu,962d4b2834e6a3b37784391a906b5fe2a7e96b74
10932,"static int64_t cpu_get_icount_locked(void)

{

    int64_t icount;

    CPUState *cpu = current_cpu;



    icount = timers_state.qemu_icount;

    if (cpu) {

        if (!cpu_can_do_io(cpu)) {

            fprintf(stderr, ""Bad clock read\n"");

        }

        icount -= (cpu->icount_decr.u16.low + cpu->icount_extra);

    }

    return timers_state.qemu_icount_bias + cpu_icount_to_ns(icount);

}
",False,qemu,2a62914bd8209d97e918f30f0de74bec2bf622c4
16570,"void qemu_chr_fe_printf(CharDriverState *s, const char *fmt, ...)

{

    char buf[READ_BUF_LEN];

    va_list ap;

    va_start(ap, fmt);

    vsnprintf(buf, sizeof(buf), fmt, ap);

    qemu_chr_fe_write(s, (uint8_t *)buf, strlen(buf));

    va_end(ap);

}
",False,qemu,90f998f5f4267a0c22e983f533d19b9de1849283
10803,"static int get_uint64_equal(QEMUFile *f, void *pv, size_t size)

{

    uint64_t *v = pv;

    uint64_t v2;

    qemu_get_be64s(f, &v2);



    if (*v == v2) {

        return 0;

    }

    return -EINVAL;

}
",True,qemu,60fe637bf0e4d7989e21e50f52526444765c63b4
7528,"static void pl041_device_class_init(ObjectClass *klass, void *data)

{

    DeviceClass *dc = DEVICE_CLASS(klass);

    SysBusDeviceClass *k = SYS_BUS_DEVICE_CLASS(klass);



    k->init = pl041_init;

    set_bit(DEVICE_CATEGORY_SOUND, dc->categories);

    dc->no_user = 1;

    dc->reset = pl041_device_reset;

    dc->vmsd = &vmstate_pl041;

    dc->props = pl041_device_properties;

}
",True,qemu,efec3dd631d94160288392721a5f9c39e50fb2bc
10462,"int nbd_client_co_pdiscard(BlockDriverState *bs, int64_t offset, int bytes)

{

    NBDClientSession *client = nbd_get_client_session(bs);

    NBDRequest request = {

        .type = NBD_CMD_TRIM,

        .from = offset,

        .len = bytes,

    };




    if (!(client->info.flags & NBD_FLAG_SEND_TRIM)) {

        return 0;

    }



    return nbd_co_request(bs, &request, NULL);

}",True,qemu,1104d83c726d2b20f9cec7b99ab3570a2fdbd46d
17767,"static ExitStatus trans_fop_dedd(DisasContext *ctx, uint32_t insn,

                                 const DisasInsn *di)

{

    unsigned rt = extract32(insn, 0, 5);

    unsigned rb = extract32(insn, 16, 5);

    unsigned ra = extract32(insn, 21, 5);

    return do_fop_dedd(ctx, rt, ra, rb, di->f_dedd);

}
",True,qemu,eff235eb2bcd7092901f4698a7907e742f3b7f2f
13346,"static int parse_chr(DeviceState *dev, Property *prop, const char *str)

{

    CharDriverState **ptr = qdev_get_prop_ptr(dev, prop);



    *ptr = qemu_chr_find(str);

    if (*ptr == NULL) {

        return -ENOENT;

    }

    if ((*ptr)->assigned) {

        return -EEXIST;

    }

    (*ptr)->assigned = 1;

    return 0;

}
",True,qemu,d5b27167e17e0d9393d6364703cc68e7f018023c
88,"static void tricore_cpu_initfn(Object *obj)

{

    CPUState *cs = CPU(obj);

    TriCoreCPU *cpu = TRICORE_CPU(obj);

    CPUTriCoreState *env = &cpu->env;



    cs->env_ptr = env;

    cpu_exec_init(cs, &error_abort);



    if (tcg_enabled()) {

        tricore_tcg_init();

    }

}
",True,qemu,ce5b1bbf624b977a55ff7f85bb3871682d03baff
25839,"static int tcp_get_msgfd(CharDriverState *chr)

{

    TCPCharDriver *s = chr->opaque;



    return s->msgfd;

}
",True,qemu,e53f27b9d9df73461308618151fa6e6392aebd85
3312,"void helper_check_iol(CPUX86State *env, uint32_t t0)

{

    check_io(env, t0, 4);

}
",False,qemu,81cf8d8adc64203567e03326c13ea4abec9fe5df
19991,"void hmp_pci_del(Monitor *mon, const QDict *qdict)

{

    pci_device_hot_remove(mon, qdict_get_str(qdict, ""pci_addr""));

}
",True,qemu,f51074cdc6e750daa3b6df727d83449a7e42b391
9745,"Visitor *qapi_dealloc_get_visitor(QapiDeallocVisitor *v)

{

    return &v->visitor;

}
",False,qemu,2c0ef9f411ae6081efa9eca5b3eab2dbeee45a6c
12963,"int spapr_rtas_register(const char *name, spapr_rtas_fn fn)

{

    int i;



    for (i = 0; i < (rtas_next - rtas_table); i++) {

        if (strcmp(name, rtas_table[i].name) == 0) {

            fprintf(stderr, ""RTAS call \""%s\"" registered twice\n"", name);

            exit(1);

        }

    }



    assert(rtas_next < (rtas_table + TOKEN_MAX));



    rtas_next->name = name;

    rtas_next->fn = fn;



    return (rtas_next++ - rtas_table) + TOKEN_BASE;

}
",True,qemu,3a3b8502e6f0c8d30865c5f36d2c3ae4114000b5
10288,"int vnc_display_disable_login(DisplayState *ds)

{

    VncDisplay *vs = ds ? (VncDisplay *)ds->opaque : vnc_display;



    if (!vs) {

        return -1;

    }



    if (vs->password) {

        g_free(vs->password);

    }



    vs->password = NULL;

    vs->auth = VNC_AUTH_VNC;



    return 0;

}
",False,qemu,7dfbfc7927c1f7ab9f6910768ed6d966645b5866
1347,"static bool riccb_needed(void *opaque)

{

#ifdef CONFIG_KVM

    if (kvm_enabled()) {

        return kvm_s390_get_ri();

    }

#endif

    return 0;

}
",False,qemu,7c72ac49ae9f38fa0125296e05988655157decb5
26969,"static CaptureVoiceOut *audio_pcm_capture_find_specific (

    AudioState *s,

    audsettings_t *as

    )

{

    CaptureVoiceOut *cap;



    for (cap = s->cap_head.lh_first; cap; cap = cap->entries.le_next) {

        if (audio_pcm_info_eq (&cap->hw.info, as)) {

            return cap;

        }

    }

    return NULL;

}
",False,qemu,1ea879e5580f63414693655fcf0328559cdce138
3747,"static void pxa2xx_pic_save(QEMUFile *f, void *opaque)

{

    PXA2xxPICState *s = (PXA2xxPICState *) opaque;

    int i;



    for (i = 0; i < 2; i ++)

        qemu_put_be32s(f, &s->int_enabled[i]);

    for (i = 0; i < 2; i ++)

        qemu_put_be32s(f, &s->int_pending[i]);

    for (i = 0; i < 2; i ++)

        qemu_put_be32s(f, &s->is_fiq[i]);

    qemu_put_be32s(f, &s->int_idle);

    for (i = 0; i < PXA2XX_PIC_SRCS; i ++)

        qemu_put_be32s(f, &s->priority[i]);

}
",False,qemu,e1f8c729fa890c67bb4532f22c22ace6fb0e1aaf
24965,"static void ahci_irq_raise(AHCIState *s, AHCIDevice *dev)

{

    AHCIPCIState *d = container_of(s, AHCIPCIState, ahci);

    PCIDevice *pci_dev =

        (PCIDevice *)object_dynamic_cast(OBJECT(d), TYPE_PCI_DEVICE);



    DPRINTF(0, ""raise irq\n"");



    if (pci_dev && msi_enabled(pci_dev)) {

        msi_notify(pci_dev, 0);

    } else {

        qemu_irq_raise(s->irq);

    }

}
",True,qemu,bb639f829f139ddc83325b3b6825f93096ee44f1
10,"static inline int64_t sub64(const int64_t a, const int64_t b)

{

	return a - b;

}
",True,qemu,21ce148c7ec71ee32834061355a5ecfd1a11f90f
6107,"static inline uint32_t vmsvga_fifo_read_raw(struct vmsvga_state_s *s)

{

    uint32_t cmd = s->fifo[CMD(stop) >> 2];



    s->cmd->stop = cpu_to_le32(CMD(stop) + 4);

    if (CMD(stop) >= CMD(max)) {

        s->cmd->stop = s->cmd->min;

    }

    return cmd;

}
",True,qemu,7e486f7577764a07aa35588e119903c80a5c30a2
25206,"void bdrv_io_limits_disable(BlockDriverState *bs)

{

    bs->io_limits_enabled = false;



    bdrv_start_throttled_reqs(bs);



    throttle_destroy(&bs->throttle_state);

}
",False,qemu,61007b316cd71ee7333ff7a0a749a8949527575f
15918,"static void migrate_fd_monitor_suspend(MigrationState *s, Monitor *mon)

{

    if (monitor_suspend(mon) == 0) {

        DPRINTF(""suspending monitor\n"");

    } else {

        monitor_printf(mon, ""terminal does not allow synchronous ""

                       ""migration, continuing detached\n"");

    }

}
",False,qemu,e1c37d0e94048502f9874e6356ce7136d4b05bdb
4598,"PPC_OP(divwu)

{

    if (T1 == 0) {

        T0 = 0;

    } else {

        T0 /= T1;

    }

    RETURN();

}
",True,qemu,d9bce9d99f4656ae0b0127f7472db9067b8f84ab
12999,"static uint32_t nvram_readw (void *opaque, target_phys_addr_t addr)

{

    M48t59State *NVRAM = opaque;

    uint32_t retval;



    retval = m48t59_read(NVRAM, addr) << 8;

    retval |= m48t59_read(NVRAM, addr + 1);

    return retval;

}
",False,qemu,a8170e5e97ad17ca169c64ba87ae2f53850dab4c
2160,"static PayloadContext *h264_new_extradata(void)

{

    PayloadContext *data =

        av_mallocz(sizeof(PayloadContext) +

                   FF_INPUT_BUFFER_PADDING_SIZE);



    if (data) {

        data->cookie = MAGIC_COOKIE;

    }



    return data;

}
",False,FFmpeg,202a6697ba54293235ce2d7bd5724f4f461e417f
12225,"static void rc4030_unrealize(DeviceState *dev, Error **errp)

{

    rc4030State *s = RC4030(dev);

    int i;



    timer_free(s->periodic_timer);



    address_space_destroy(&s->dma_as);

    object_unparent(OBJECT(&s->dma_tt));

    object_unparent(OBJECT(&s->dma_tt_alias));

    object_unparent(OBJECT(&s->dma_mr));

    for (i = 0; i < MAX_TL_ENTRIES; ++i) {

        memory_region_del_subregion(&s->dma_mr, &s->dma_mrs[i]);

        object_unparent(OBJECT(&s->dma_mrs[i]));

    }

}
",True,qemu,c627e7526a902dd5bb1907dbbd5cf961679dfa68
23227,"static void lm32_cpu_reset(CPUState *s)

{

    LM32CPU *cpu = LM32_CPU(s);

    LM32CPUClass *lcc = LM32_CPU_GET_CLASS(cpu);

    CPULM32State *env = &cpu->env;



    if (qemu_loglevel_mask(CPU_LOG_RESET)) {

        qemu_log(""CPU Reset (CPU %d)\n"", s->cpu_index);

        log_cpu_state(env, 0);

    }



    lcc->parent_reset(s);



    tlb_flush(env, 1);



    /* reset cpu state */

    memset(env, 0, offsetof(CPULM32State, breakpoints));

}
",False,qemu,a5b0f6d5c0f6678c078354c432a1f0943374f087
19281,"static int omap_validate_emiff_addr(struct omap_mpu_state_s *s,

                target_phys_addr_t addr)

{

    return addr >= OMAP_EMIFF_BASE && addr < OMAP_EMIFF_BASE + s->sdram_size;

}
",False,qemu,45416789e8ccced568a4984af61974adfbfa0f62
13372,"static int sdp_probe(AVProbeData *p1)

{

    const char *p = p1->buf, *p_end = p1->buf + p1->buf_size;



    /* we look for a line beginning ""c=IN IP4"" */

    while (p < p_end && *p != '\0') {

        if (p + sizeof(""c=IN IP4"") - 1 < p_end && av_strstart(p, ""c=IN IP4"", NULL))

            return AVPROBE_SCORE_MAX / 2;



        while(p < p_end - 1 && *p != '\n') p++;

        if (++p >= p_end)

            break;

        if (*p == '\r')

            p++;

    }

    return 0;

}
",False,FFmpeg,c89658008705d949c319df3fa6f400c481ad73e1
2892,"static void guest_file_init(void)

{

    QTAILQ_INIT(&guest_file_state.filehandles);

}
",False,qemu,b4fe97c8230c34ebd407a9f23894b9c614807540
24615,"static void fw_cfg_realize(DeviceState *dev, Error **errp)

{

    FWCfgState *s = FW_CFG(dev);

    SysBusDevice *sbd = SYS_BUS_DEVICE(dev);



    if (s->ctl_iobase + 1 == s->data_iobase) {

        sysbus_add_io(sbd, s->ctl_iobase, &s->comb_iomem);

    } else {

        if (s->ctl_iobase) {

            sysbus_add_io(sbd, s->ctl_iobase, &s->ctl_iomem);

        }

        if (s->data_iobase) {

            sysbus_add_io(sbd, s->data_iobase, &s->data_iomem);

        }

    }

}
",True,qemu,5712db6ae5101db645f71edc393368cd59bfd314
19919,"static av_cold int bmv_aud_decode_init(AVCodecContext *avctx)

{

    BMVAudioDecContext *c = avctx->priv_data;



    if (avctx->channels != 2) {

        av_log(avctx, AV_LOG_INFO, ""invalid number of channels\n"");

        return AVERROR(EINVAL);

    }



    avctx->sample_fmt = AV_SAMPLE_FMT_S16;



    avcodec_get_frame_defaults(&c->frame);

    avctx->coded_frame = &c->frame;



    return 0;

}
",False,FFmpeg,a3145d0335b04d143c26832c91dcc7242c758206
24602,"uint64_t ldq_phys(target_phys_addr_t addr)

{

    return ldq_phys_internal(addr, DEVICE_NATIVE_ENDIAN);

}
",False,qemu,a8170e5e97ad17ca169c64ba87ae2f53850dab4c
24649,"static uint8_t fw_cfg_read(FWCfgState *s)

{

    int arch = !!(s->cur_entry & FW_CFG_ARCH_LOCAL);

    FWCfgEntry *e = (s->cur_entry == FW_CFG_INVALID) ? NULL :

                    &s->entries[arch][s->cur_entry & FW_CFG_ENTRY_MASK];

    uint8_t ret;



    if (s->cur_entry == FW_CFG_INVALID || !e->data || s->cur_offset >= e->len)

        ret = 0;

    else {

        ret = e->data[s->cur_offset++];

    }



    trace_fw_cfg_read(s, ret);

    return ret;

}
",True,qemu,6c8d56a2e95712a6206a2671d2b04b2e59cabc0b
16969,"static void json_print_chapter_header(WriterContext *wctx, const char *chapter)

{

    JSONContext *json = wctx->priv;

    char *chapter_esc;



    if (wctx->nb_chapter)

        printf("","");

    json->multiple_entries = !strcmp(chapter, ""packets"") || !strcmp(chapter, ""streams"");

    chapter_esc = json_escape_str(chapter);

    printf(""\n  \""%s\"":%s"", chapter_esc ? chapter_esc : """",

           json->multiple_entries ? "" ["" : "" "");

    av_free(chapter_esc);

}
",True,FFmpeg,2f3b028c7117e03267ea7f88d0d612e70f1afc06
8827,"static void test_parse_path(void)

{

    g_test_trap_subprocess (""/logging/parse_path/subprocess"", 0, 0);

    g_test_trap_assert_passed();

    g_test_trap_assert_stdout("""");

    g_test_trap_assert_stderr("""");

}
",True,qemu,daa76aa416b1e18ab1fac650ff53d966d8f21f68
11597,"static inline void gen_efsnabs(DisasContext *ctx)

{

    if (unlikely(!ctx->spe_enabled)) {

        gen_exception(ctx, POWERPC_EXCP_APU);

        return;

    }

    tcg_gen_ori_tl(cpu_gpr[rD(ctx->opcode)], cpu_gpr[rA(ctx->opcode)], 0x80000000);

}
",False,qemu,27a69bb088bee6d4efea254659422fb9c751b3c7
17056,"static inline int range_get_symbol(APEContext * ctx,

                                   const uint32_t counts[],

                                   const uint16_t counts_diff[])

{

    int symbol, cf;



    cf = range_decode_culshift(ctx, 16);










    /* figure out the symbol inefficiently; a binary search would be much better */

    for (symbol = 0; counts[symbol + 1] <= cf; symbol++);



    range_decode_update(ctx, counts_diff[symbol], counts[symbol]);



",True,FFmpeg,6a287b739f3a8660d5e4405be1302da8b3e51e88
17739,"static inline TCGv gen_ld8s(TCGv addr, int index)

{

    TCGv tmp = new_tmp();

    tcg_gen_qemu_ld8s(tmp, addr, index);

    return tmp;

}
",True,qemu,7d1b0095bff7157e856d1d0e6c4295641ced2752
26576,"static int local_statfs(FsContext *s, V9fsPath *fs_path, struct statfs *stbuf)

{

    char buffer[PATH_MAX];

    char *path = fs_path->data;



    return statfs(rpath(s, path, buffer), stbuf);

}
",False,qemu,4fa4ce7107c6ec432f185307158c5df91ce54308
24953,"AVFrame *avcodec_alloc_frame(void)

{

    AVFrame *frame = av_malloc(sizeof(AVFrame));



    if (frame == NULL)

        return NULL;



    avcodec_get_frame_defaults(frame);



    return frame;

}
",True,FFmpeg,c084a975aa13eb1d0161f36a06051a9b2d4abb83
15264,"uint64_t qpci_io_readq(QPCIDevice *dev, void *data)

{

    uintptr_t addr = (uintptr_t)data;



    if (addr < QPCI_PIO_LIMIT) {

        return dev->bus->pio_readq(dev->bus, addr);

    } else {

        uint64_t val;

        dev->bus->memread(dev->bus, addr, &val, sizeof(val));

        return le64_to_cpu(val);

    }

}
",True,qemu,b4ba67d9a702507793c2724e56f98e9b0f7be02b
24763,"static int acpi_pcihp_get_bsel(PCIBus *bus)

{

    QObject *o = object_property_get_qobject(OBJECT(bus),

                                             ACPI_PCIHP_PROP_BSEL, NULL);

    int64_t bsel = -1;

    if (o) {

        bsel = qint_get_int(qobject_to_qint(o));

    }

    if (bsel < 0) {

        return -1;

    }

    return bsel;

}
",True,qemu,7c38ecd09763107513bacc791856fdbb582a107c
10018,"uint32_t helper_bcdsetsgn(ppc_avr_t *r, ppc_avr_t *b, uint32_t ps)

{

    int i;

    int invalid = 0;

    int sgnb = bcd_get_sgn(b);



    *r = *b;

    bcd_put_digit(r, bcd_preferred_sgn(sgnb, ps), 0);



    for (i = 1; i < 32; i++) {

        bcd_get_digit(b, i, &invalid);

        if (unlikely(invalid)) {

            return CRF_SO;

        }

    }



    return bcd_cmp_zero(r);

}
",False,qemu,071663dfc3b93e3f3e573d726cfb685fd25472fa
6815,"int fw_cfg_add_i64(FWCfgState *s, uint16_t key, uint64_t value)

{

    uint64_t *copy;



    copy = g_malloc(sizeof(value));

    *copy = cpu_to_le64(value);

    return fw_cfg_add_bytes(s, key, (uint8_t *)copy, sizeof(value));

}
",True,qemu,4cad3867b6df2c0826ae508a9fe15dd0b9d8936a
9579,"static void armv7m_nvic_class_init(ObjectClass *klass, void *data)

{

    NVICClass *nc = NVIC_CLASS(klass);

    DeviceClass *dc = DEVICE_CLASS(klass);

    SysBusDeviceClass *sdc = SYS_BUS_DEVICE_CLASS(klass);



    nc->parent_reset = dc->reset;

    nc->parent_init = sdc->init;

    sdc->init = armv7m_nvic_init;

    dc->vmsd  = &vmstate_nvic;

    dc->reset = armv7m_nvic_reset;

    dc->props = armv7m_nvic_properties;

}
",False,qemu,55e00a19b6dc8f20e5688866451bb4a60e649459
5847,"static int add_metadata(int count, int type,

                        const char *name, const char *sep, TiffContext *s)

{

    switch(type) {

    case TIFF_DOUBLE: return add_doubles_metadata(count, name, sep, s);

    case TIFF_SHORT : return add_shorts_metadata(count, name, sep, s);

    case TIFF_STRING: return add_string_metadata(count, name, s);

    default         : return AVERROR_INVALIDDATA;

    };

}
",True,FFmpeg,edcc51fb8e15b704955d742559215697598927bb
6697,"static void tqi_calculate_qtable(TqiContext *t, int quant)

{

    const int qscale = (215 - 2*quant)*5;

    int i;



    t->intra_matrix[0] = (ff_inv_aanscales[0] * ff_mpeg1_default_intra_matrix[0]) >> 11;

    for(i=1; i<64; i++)

        t->intra_matrix[i] = (ff_inv_aanscales[i] * ff_mpeg1_default_intra_matrix[i] * qscale + 32) >> 14;

}
",True,FFmpeg,a8de60ba2740185c53cabbee6c00ed67a0d530e2
25586,"static void clear_commits(BDRVVVFATState* s)

{

    int i;

DLOG(fprintf(stderr, ""clear_commits (%d commits)\n"", s->commits.next));

    for (i = 0; i < s->commits.next; i++) {

	commit_t* commit = array_get(&(s->commits), i);

	assert(commit->path || commit->action == ACTION_WRITEOUT);

	if (commit->action != ACTION_WRITEOUT) {

	    assert(commit->path);

	    free(commit->path);

	} else

	    assert(commit->path == NULL);

    }

    s->commits.next = 0;

}
",True,qemu,ce137829e7e58fcdc5ba63b5e256f972e80be438
7073,"float64 HELPER(ucf64_si2df)(float32 x, CPUUniCore32State *env)

{

    return int32_to_float64(ucf64_stoi(x), &env->ucf64.fp_status);

}
",False,qemu,e8ede0a8bb5298a6979bcf7ed84ef64a64a4e3fe
13083,"static void RENAME(lumRangeFromJpeg)(int16_t *dst, int width)

{

    int i;

    for (i = 0; i < width; i++)

        dst[i] = (dst[i]*14071 + 33561947)>>14;

}
",False,FFmpeg,d1adad3cca407f493c3637e20ecd4f7124e69212
6133,"static void dead_tmp(TCGv tmp)

{

    tcg_temp_free(tmp);

    num_temps--;

}
",True,qemu,7d1b0095bff7157e856d1d0e6c4295641ced2752
6286,"static inline void cris_update_result(DisasContext *dc, TCGv res)

{

	if (dc->update_cc) {

		if (dc->cc_size == 4 && 

		    (dc->cc_op == CC_OP_SUB

		     || dc->cc_op == CC_OP_ADD))

			return;

		tcg_gen_mov_tl(cc_result, res);

	}

}
",False,qemu,a8cf66bb393ff420d40ae172a4c817bf2752918a
22573,"const char *swscale_configuration(void)

{

    return FFMPEG_CONFIGURATION;

}
",False,FFmpeg,29ba091136a5e04574f7bfc1b17536c923958f6f
22511,"static char *time_value_string(char *buf, int buf_size, int64_t val, const AVRational *time_base)

{

    if (val == AV_NOPTS_VALUE) {

        snprintf(buf, buf_size, ""N/A"");

    } else {

        double d = val * av_q2d(*time_base);

        value_string(buf, buf_size, (struct unit_value){.val.d=d, .unit=unit_second_str});

    }



    return buf;

}
",False,FFmpeg,0491a2a07a44f6e5e6f34081835e402c07025fd2
7484,"void v9fs_string_init(V9fsString *str)

{

    str->data = NULL;

    str->size = 0;

}
",False,qemu,ddca7f86ac022289840e0200fd4050b2b58e9176
4118,"int bdrv_get_backing_file_depth(BlockDriverState *bs)

{

    if (!bs->drv) {

        return 0;

    }



    if (!bs->backing_hd) {

        return 0;

    }



    return 1 + bdrv_get_backing_file_depth(bs->backing_hd);

}
",False,qemu,61007b316cd71ee7333ff7a0a749a8949527575f
9390,"static inline bool media_is_cd(SCSIDiskState *s)

{

    uint64_t nb_sectors;

    if (s->qdev.type != TYPE_ROM) {

        return false;

    }

    if (!bdrv_is_inserted(s->qdev.conf.bs)) {

        return false;

    }

    bdrv_get_geometry(s->qdev.conf.bs, &nb_sectors);

    return nb_sectors <= CD_MAX_SECTORS;

}
",False,qemu,4be746345f13e99e468c60acbd3a355e8183e3ce
21555,"static bool pc_machine_get_aligned_dimm(Object *obj, Error **errp)

{

    PCMachineState *pcms = PC_MACHINE(obj);



    return pcms->enforce_aligned_dimm;

}
",False,qemu,16a9e8a5bcc1fb0796828eb654a4f926734e59af
22710,"int ff_thread_get_buffer(AVCodecContext *avctx, ThreadFrame *f, int flags)

{

    f->owner = avctx;

    return ff_get_buffer(avctx, f->f, flags);

}
",True,FFmpeg,083300bea935d125b83f60d7030f78a7ffb0f3df
12109,"int bdrv_save_vmstate(BlockDriverState *bs, const uint8_t *buf,

                      int64_t pos, int size)

{

    QEMUIOVector qiov;

    struct iovec iov = {

        .iov_base   = (void *) buf,

        .iov_len    = size,

    };



    qemu_iovec_init_external(&qiov, &iov, 1);

    return bdrv_writev_vmstate(bs, &qiov, pos);

}
",False,qemu,61007b316cd71ee7333ff7a0a749a8949527575f
16660,"void ff_prores_idct(DCTELEM *block, const int16_t *qmat)

{

    int i;



    for (i = 0; i < 64; i++)

        block[i] *= qmat[i];



    for (i = 0; i < 8; i++)

        idctRowCondDC_10(block + i*8);



    for (i = 0; i < 64; i++)

        block[i] >>= 2;



    for (i = 0; i < 8; i++)

        idctSparseCol_10(block + i);

}
",True,FFmpeg,f78cd0c243b9149c7f604ecf1006d78e344aa6ca
14146,"void ff_mpegts_parse_close(MpegTSContext *ts)

{

    int i;



    for(i=0;i<NB_PID_MAX;i++)

        av_free(ts->pids[i]);

    av_free(ts);

}
",True,FFmpeg,a717f9904227d7979473bad40c50eb40af41d01d
653,"static av_cold void free_frame_buffers(Indeo3DecodeContext *ctx)

{

    int p;



    ctx->width=

    ctx->height= 0;



    for (p = 0; p < 3; p++) {

        av_freep(&ctx->planes[p].buffers[0]);

        av_freep(&ctx->planes[p].buffers[1]);

        ctx->planes[p].pixels[0] = ctx->planes[p].pixels[1] = 0;

    }

}
",False,FFmpeg,84343dd9d3b8e19c95c0f641a9f97915efec0633
14818,"char **breakline(char *input, int *count)

{

    int c = 0;

    char *p;

    char **rval = calloc(sizeof(char *), 1);



    while (rval && (p = qemu_strsep(&input, "" "")) != NULL) {

        if (!*p) {

            continue;

        }

        c++;

        rval = realloc(rval, sizeof(*rval) * (c + 1));

        if (!rval) {

            c = 0;

            break;

        }

        rval[c - 1] = p;

        rval[c] = NULL;

    }

    *count = c;

    return rval;

}
",True,qemu,47e8dd8fe9d83e8b51d40c2b87d7983bd0a78206
2800,"static void page_flush_tb(void)

{

    int i;



    for (i = 0; i < V_L1_SIZE; i++) {

        page_flush_tb_1(V_L1_SHIFT / L2_BITS - 1, l1_map + i);

    }

}
",False,qemu,03f4995781a64e106e6f73864a1e9c4163dac53b
23822,"static void test_validate_fail_union_native_list(TestInputVisitorData *data,

                                                 const void *unused)

{

    UserDefNativeListUnion *tmp = NULL;

    Error *err = NULL;

    Visitor *v;



    v = validate_test_init(data,

                           ""{ 'type': 'integer', 'data' : [ 'string' ] }"");



    visit_type_UserDefNativeListUnion(v, NULL, &tmp, &err);

    error_free_or_abort(&err);

    g_assert(!tmp);

}
",False,qemu,b3db211f3c80bb996a704d665fe275619f728bd4
14713,"static void isa_mmio_writew(void *opaque, target_phys_addr_t addr,

                               uint32_t val)

{

    cpu_outw(addr & IOPORTS_MASK, val);

}
",False,qemu,a8170e5e97ad17ca169c64ba87ae2f53850dab4c
16597,"static void pflash_timer (void *opaque)

{

    pflash_t *pfl = opaque;



    DPRINTF(""%s: command %02x done\n"", __func__, pfl->cmd);

    /* Reset flash */

    pfl->status ^= 0x80;

    if (pfl->bypass) {

        pfl->wcycle = 2;

    } else {

        memory_region_rom_device_set_readable(&pfl->mem, true);

        pfl->wcycle = 0;

    }

    pfl->cmd = 0;

}
",False,qemu,5d79b80b335c5f65f148d1bb1672d9d534ace73b
10110,"static int get_uint8_equal(QEMUFile *f, void *pv, size_t size,

                           VMStateField *field)

{

    uint8_t *v = pv;

    uint8_t v2;

    qemu_get_8s(f, &v2);



    if (*v == v2) {

        return 0;


    error_report(""%x != %x"", *v, v2);




    return -EINVAL;
",True,qemu,d2164ad35c411d97abd2aa5c6f160283d215e214
4794,"AUXBus *aux_init_bus(DeviceState *parent, const char *name)

{

    AUXBus *bus;



    bus = AUX_BUS(qbus_create(TYPE_AUX_BUS, parent, name));

    bus->bridge = AUXTOI2C(qdev_create(BUS(bus), TYPE_AUXTOI2C));



    /* Memory related. */

    bus->aux_io = g_malloc(sizeof(*bus->aux_io));

    memory_region_init(bus->aux_io, OBJECT(bus), ""aux-io"", (1 << 20));

    address_space_init(&bus->aux_addr_space, bus->aux_io, ""aux-io"");

    return bus;

}
",True,qemu,e0dadc1e9ef1f35208e5d2af9c7740c18a0b769f
7394,"void numa_set_mem_node_id(ram_addr_t addr, uint64_t size, uint32_t node)

{

    struct numa_addr_range *range = g_malloc0(sizeof(*range));



    /*

     * Memory-less nodes can come here with 0 size in which case,

     * there is nothing to do.

     */

    if (!size) {

        return;

    }



    range->mem_start = addr;

    range->mem_end = addr + size - 1;

    QLIST_INSERT_HEAD(&numa_info[node].addr, range, entry);

}
",True,qemu,672558d2ea8dd782d1d2adc6e16af3bc34029a36
7955,"void *qemu_malloc(size_t size)

{

    if (!size && !allow_zero_malloc()) {

        abort();

    }

    return oom_check(malloc(size ? size : 1));

}
",True,qemu,cd245a19329edfcd968b00d05ad92de7a0e2daa1
14965,"static void do_cont(void)

{

    vm_start();

}
",False,qemu,c0f4ce7751f0b9a9a7815f931a09a6c3de127cee
16484,"static void spapr_vlan_cleanup(NetClientState *nc)

{

    VIOsPAPRVLANDevice *dev = qemu_get_nic_opaque(nc);



    dev->nic = NULL;

}
",False,qemu,57407ea44cc0a3d630b9b89a2be011f1955ce5c1
22184,"int drive_get_max_bus(BlockInterfaceType type)

{

    int max_bus;

    DriveInfo *dinfo;



    max_bus = -1;

    TAILQ_FOREACH(dinfo, &drives, next) {

        if(dinfo->type == type &&

           dinfo->bus > max_bus)

            max_bus = dinfo->bus;

    }

    return max_bus;

}
",False,qemu,72cf2d4f0e181d0d3a3122e04129c58a95da713e
9249,"static inline void gen_neon_narrow(int size, TCGv dest, TCGv src)

{

    switch (size) {

    case 0: gen_helper_neon_narrow_u8(dest, src); break;

    case 1: gen_helper_neon_narrow_u16(dest, src); break;

    case 2: tcg_gen_trunc_i64_i32(dest, src); break;

    default: abort();

    }

}
",False,qemu,a7812ae412311d7d47f8aa85656faadac9d64b56
17604,"static void m68k_cpu_initfn(Object *obj)

{

    CPUState *cs = CPU(obj);

    M68kCPU *cpu = M68K_CPU(obj);

    CPUM68KState *env = &cpu->env;

    static bool inited;



    cs->env_ptr = env;

    cpu_exec_init(cs, &error_abort);



    if (tcg_enabled() && !inited) {

        inited = true;

        m68k_tcg_init();

    }

}
",True,qemu,ce5b1bbf624b977a55ff7f85bb3871682d03baff
18955,"size_t qsb_get_length(const QEMUSizedBuffer *qsb)

{

    return qsb->used;

}
",True,qemu,60fe637bf0e4d7989e21e50f52526444765c63b4
3224,"static sPAPRDRConnector *spapr_phb_get_pci_drc(sPAPRPHBState *phb,

                                               PCIDevice *pdev)

{

    uint32_t busnr = pci_bus_num(PCI_BUS(qdev_get_parent_bus(DEVICE(pdev))));

    return spapr_dr_connector_by_id(SPAPR_DR_CONNECTOR_TYPE_PCI,

                                    (phb->index << 16) |

                                    (busnr << 8) |

                                    pdev->devfn);

}
",True,qemu,788d2599def0e26d92802593b07ec76e8701ccce
25713,"static void vfio_bar_quirk_teardown(VFIOPCIDevice *vdev, int nr)

{

    VFIOBAR *bar = &vdev->bars[nr];



    while (!QLIST_EMPTY(&bar->quirks)) {

        VFIOQuirk *quirk = QLIST_FIRST(&bar->quirks);

        memory_region_del_subregion(&bar->region.mem, &quirk->mem);

        object_unparent(OBJECT(&quirk->mem));

        QLIST_REMOVE(quirk, next);

        g_free(quirk);

    }

}
",False,qemu,ba5e6bfa1aee29a8f72c5538c565dfb9889cf273
9218,"QFloat *qfloat_from_double(double value)

{

    QFloat *qf;



    qf = g_malloc(sizeof(*qf));

    qf->value = value;

    QOBJECT_INIT(qf, &qfloat_type);



    return qf;

}
",False,qemu,55e1819c509b3d9c10a54678b9c585bbda13889e
9207,"int nbd_client_co_pdiscard(BlockDriverState *bs, int64_t offset, int bytes)

{

    NBDClientSession *client = nbd_get_client_session(bs);

    NBDRequest request = {

        .type = NBD_CMD_TRIM,

        .from = offset,

        .len = bytes,

    };



    assert(!(client->info.flags & NBD_FLAG_READ_ONLY));

    if (!(client->info.flags & NBD_FLAG_SEND_TRIM)) {

        return 0;

    }



    return nbd_co_request(bs, &request, NULL);

}
",False,qemu,9d8f818cdee83e726a5dd14b645738ec632d2577
8088,"static int fd_close(MigrationState *s)

{

    DPRINTF(""fd_close\n"");

    if (s->fd != -1) {

        close(s->fd);

        s->fd = -1;

    }

    return 0;

}
",True,qemu,aab2293687ee54a409f3fb53a1ab3595b595e0fb
21921,"void helper_divq_EAX_T0(void)

{

    uint64_t r0, r1;

    if (T0 == 0) {

        raise_exception(EXCP00_DIVZ);

    }

    r0 = EAX;

    r1 = EDX;

    div64(&r0, &r1, T0);

    EAX = r0;

    EDX = r1;

}
",True,qemu,45bbbb466cf4a6280076ea5a51f67ef5bedee345
9795,"static void raw_close(BlockDriverState *bs)

{

    BDRVRawState *s = bs->opaque;

    if (s->fd >= 0) {

        close(s->fd);

        s->fd = -1;

        if (s->aligned_buf != NULL)

            qemu_free(s->aligned_buf);

    }

}
",True,qemu,f8a83245d9ec685bc6aa6173d6765fe03e20688f
18349,"static void kqemu_reset_modified_ram_pages(void)

{

    int i;

    unsigned long page_index;



    for(i = 0; i < nb_modified_ram_pages; i++) {

        page_index = modified_ram_pages[i] >> TARGET_PAGE_BITS;

        modified_ram_pages_table[page_index] = 0;

    }

    nb_modified_ram_pages = 0;

}
",False,qemu,4a1418e07bdcfaa3177739e04707ecaec75d89e1
24318,"void aio_notify(AioContext *ctx)

{

    /* Write e.g. bh->scheduled before reading ctx->notify_me.  Pairs

     * with atomic_or in aio_ctx_prepare or atomic_add in aio_poll.

     */

    smp_mb();

    if (ctx->notify_me) {

        event_notifier_set(&ctx->notifier);

        atomic_mb_set(&ctx->notified, true);

    }

}
",False,qemu,c2b38b277a7882a592f4f2ec955084b2b756daaa
17588,"static inline void gen_op_eval_fbuge(TCGv dst, TCGv src,

                                    unsigned int fcc_offset)

{

    gen_mov_reg_FCC0(dst, src, fcc_offset);

    gen_mov_reg_FCC1(cpu_tmp0, src, fcc_offset);

    tcg_gen_xori_tl(cpu_tmp0, cpu_tmp0, 0x1);

    tcg_gen_and_tl(dst, dst, cpu_tmp0);

    tcg_gen_xori_tl(dst, dst, 0x1);

}
",False,qemu,de9e9d9f17a36ff76c1a02a5348835e5e0a081b0
11124,"void qemu_get_timedate(struct tm *tm, int offset)

{

    time_t ti;



    time(&ti);

    ti += offset;

    if (rtc_date_offset == -1) {

        if (rtc_utc)

            gmtime_r(&ti, tm);

        else

            localtime_r(&ti, tm);

    } else {

        ti -= rtc_date_offset;

        gmtime_r(&ti, tm);

    }

}
",False,qemu,2ed1ebcf65edf6757d8904000889ce52cc0a9d1b
7791,"void qemu_clock_enable(QEMUClockType type, bool enabled)

{

    QEMUClock *clock = qemu_clock_ptr(type);

    QEMUTimerList *tl;

    bool old = clock->enabled;

    clock->enabled = enabled;

    if (enabled && !old) {

        qemu_clock_notify(type);

    } else if (!enabled && old) {

        QLIST_FOREACH(tl, &clock->timerlists, list) {

            qemu_event_wait(&tl->timers_done_ev);

        }

    }

}
",False,qemu,c2b38b277a7882a592f4f2ec955084b2b756daaa
19156,"static int get_coc(Jpeg2000DecoderContext *s, Jpeg2000CodingStyle *c,

                   uint8_t *properties)

{

    int compno;



    if (s->buf_end - s->buf < 2)

        return AVERROR_INVALIDDATA;



    compno = bytestream_get_byte(&s->buf);



    c      += compno;

    c->csty = bytestream_get_byte(&s->buf);

    get_cox(s, c);



    properties[compno] |= HAD_COC;

    return 0;

}
",True,FFmpeg,1a3598aae768465a8efc8475b6df5a8261bc62fc
7171,"static int qxl_init_secondary(PCIDevice *dev)

{

    static int device_id = 1;

    PCIQXLDevice *qxl = DO_UPCAST(PCIQXLDevice, pci, dev);



    qxl->id = device_id++;

    qxl_init_ramsize(qxl, 16);

    memory_region_init_ram(&qxl->vga.vram, ""qxl.vgavram"", qxl->vga.vram_size);

    vmstate_register_ram(&qxl->vga.vram, &qxl->pci.qdev);

    qxl->vga.vram_ptr = memory_region_get_ram_ptr(&qxl->vga.vram);



    return qxl_init_common(qxl);

}
",True,qemu,13d1fd44c46629aad672f192abbf02238c6cbf36
8837,"int floatx80_unordered(floatx80 a, floatx80 b, float_status *status)

{

    if (    (    ( extractFloatx80Exp( a ) == 0x7FFF )

              && (uint64_t) ( extractFloatx80Frac( a )<<1 ) )

         || (    ( extractFloatx80Exp( b ) == 0x7FFF )

              && (uint64_t) ( extractFloatx80Frac( b )<<1 ) )

       ) {

        float_raise(float_flag_invalid, status);

        return 1;

    }

    return 0;

}
",False,qemu,d1eb8f2acba579830cf3798c3c15ce51be852c56
24379,"static inline void RENAME(palToY)(uint8_t *dst, uint8_t *src, int width, uint32_t *pal)

{

	int i;

	for(i=0; i<width; i++)

	{

		int d= src[i];



		dst[i]= pal[d] & 0xFF;

	}

}
",True,FFmpeg,2da0d70d5eebe42f9fcd27ee554419ebe2a5da06
11616,"static void gen_nabs(DisasContext *ctx)

{

    int l1 = gen_new_label();

    int l2 = gen_new_label();

    tcg_gen_brcondi_tl(TCG_COND_GT, cpu_gpr[rA(ctx->opcode)], 0, l1);

    tcg_gen_mov_tl(cpu_gpr[rD(ctx->opcode)], cpu_gpr[rA(ctx->opcode)]);

    tcg_gen_br(l2);

    gen_set_label(l1);

    tcg_gen_neg_tl(cpu_gpr[rD(ctx->opcode)], cpu_gpr[rA(ctx->opcode)]);

    gen_set_label(l2);

    if (unlikely(Rc(ctx->opcode) != 0))

        gen_set_Rc0(ctx, cpu_gpr[rD(ctx->opcode)]);

}
",False,qemu,42a268c241183877192c376d03bd9b6d527407c7
7349,"static void unterminated_literal(void)

{

    QObject *obj = qobject_from_json(""nul"", NULL);

    g_assert(obj == NULL);

}
",True,qemu,aec4b054ea36c53c8b887da99f20010133b84378
15660,"static uint64_t dchip_read(void *opaque, target_phys_addr_t addr, unsigned size)

{

    /* Skip this.  It's all related to DRAM timing and setup.  */

    return 0;

}
",False,qemu,a8170e5e97ad17ca169c64ba87ae2f53850dab4c
16319,"int64_t bdrv_nb_sectors(BlockDriverState *bs)

{

    BlockDriver *drv = bs->drv;



    if (!drv)

        return -ENOMEDIUM;



    if (drv->has_variable_length) {

        int ret = refresh_total_sectors(bs, bs->total_sectors);

        if (ret < 0) {

            return ret;

        }

    }

    return bs->total_sectors;

}
",False,qemu,61007b316cd71ee7333ff7a0a749a8949527575f
21369,"INLINE bits64 extractFloat64Frac( float64 a )

{



    return a & LIT64( 0x000FFFFFFFFFFFFF );



}
",False,qemu,f090c9d4ad5812fb92843d6470a1111c15190c4c
7580,"static HotplugHandler *spapr_get_hotpug_handler(MachineState *machine,

                                             DeviceState *dev)

{

    if (object_dynamic_cast(OBJECT(dev), TYPE_PC_DIMM) ||

        object_dynamic_cast(OBJECT(dev), TYPE_SPAPR_CPU_CORE)) {

        return HOTPLUG_HANDLER(machine);

    }

    return NULL;

}
",False,qemu,7ebaf7955603cc50988e0eafd5e6074320fefc70
11019,"static int mov_write_ms_tag(AVIOContext *pb, MOVTrack *track)

{

    int64_t pos = avio_tell(pb);

    avio_wb32(pb, 0);

    avio_wl32(pb, track->tag); // store it byteswapped

    track->enc->codec_tag = av_bswap16(track->tag >> 16);

    ff_put_wav_header(pb, track->enc, 0);

    return update_size(pb, pos);

}
",False,FFmpeg,dc6b99d6b20e832a7d353474c2d093f8b2fb17d2
11965,"static void term_bol(void)

{

    term_cmd_buf_index = 0;

}
",False,qemu,7e2515e87c41e2e658aaed466e11cbdf1ea8bcb1
23249,"static int null_draw_slice(AVFilterLink *link, int y, int h, int slice_dir) { return 0; }
",False,FFmpeg,fef7b2e0bef6972d8d48df51e477af7b017d1a38
14272,"uint64_t helper_fre(CPUPPCState *env, uint64_t arg)

{

    CPU_DoubleU farg;



    farg.ll = arg;



    if (unlikely(float64_is_signaling_nan(farg.d))) {

        /* sNaN reciprocal */

        fload_invalid_op_excp(env, POWERPC_EXCP_FP_VXSNAN);

    }

    farg.d = float64_div(float64_one, farg.d, &env->fp_status);

    return farg.d;

}
",False,qemu,59800ec8e52bcfa271fa61fb0aae19205ef1b7f1
22213,"static void gen_addq_lo(DisasContext *s, TCGv val, int rlow)

{

    TCGv tmp;

    TCGv tmp2;



    /* Load value and extend to 64 bits.  */

    tmp = tcg_temp_new(TCG_TYPE_I64);

    tmp2 = load_reg(s, rlow);

    tcg_gen_extu_i32_i64(tmp, tmp2);

    dead_tmp(tmp2);

    tcg_gen_add_i64(val, val, tmp);

}
",False,qemu,a7812ae412311d7d47f8aa85656faadac9d64b56
18946,"static int ds1338_recv(I2CSlave *i2c)

{

    DS1338State *s = FROM_I2C_SLAVE(DS1338State, i2c);

    uint8_t res;



    res  = s->nvram[s->ptr];

    s->ptr = (s->ptr + 1) & 0xff;

    return res;

}
",True,qemu,ba4906a9b64e165a958e12f6208ca834dc7a36dc
8149,"struct USBEndpoint *usb_ep_get(USBDevice *dev, int pid, int ep)

{

    struct USBEndpoint *eps = pid == USB_TOKEN_IN ? dev->ep_in : dev->ep_out;

    if (ep == 0) {

        return &dev->ep_ctl;

    }

    assert(pid == USB_TOKEN_IN || pid == USB_TOKEN_OUT);

    assert(ep > 0 && ep <= USB_MAX_ENDPOINTS);

    return eps + ep - 1;

}
",False,qemu,079d0b7f1eedcc634c371fe05b617fdc55c8b762
21531,"void bdrv_debug_event(BlockDriverState *bs, BlkDebugEvent event)

{

    if (!bs || !bs->drv || !bs->drv->bdrv_debug_event) {

        return;

    }



    bs->drv->bdrv_debug_event(bs, event);

}
",False,qemu,61007b316cd71ee7333ff7a0a749a8949527575f
12426,"ISADevice *isa_create_simple(const char *name)

{

    ISADevice *dev;



    dev = isa_create(name);

    if (qdev_init(&dev->qdev) != 0) {

        return NULL;

    }

    return dev;

}
",True,qemu,3f66aa9c07d6392757f9d7b83849c7f791981725
11373,"int qemu_eventfd(int *fds)

{

#if defined(SYS_eventfd)

    int ret;



    ret = syscall(SYS_eventfd, 0);

    if (ret >= 0) {

        fds[0] = fds[1] = ret;

        return 0;

    } else if (!(ret == -1 && errno == ENOSYS))

        return ret;

#endif



    return pipe(fds);

}
",True,qemu,27463101f15bee17d2f46642c48a7373bc6c595e
20181,"static int mxf_read_cryptographic_context(MXFCryptoContext *cryptocontext, ByteIOContext *pb, int tag, int size, UID uid)

{

    if (size != 16)

        return -1;

    if (IS_KLV_KEY(uid, mxf_crypto_source_container_ul))

        get_buffer(pb, cryptocontext->source_container_ul, 16);

    return 0;

}
",True,FFmpeg,39bb30f6640fe1faf4bbc779a79786028febc95d
12727,"Aml *aml_arg(int pos)

{

    Aml *var;

    uint8_t op = 0x68 /* ARG0 op */ + pos;



    assert(pos <= 6);

    var = aml_opcode(op);

    return var;

}
",False,qemu,9be385980d37e8f4fd33f605f5fb1c3d144170a8
21948,"static int hevc_init(AVCodecParserContext *s)

{

    HEVCContext  *h  = &((HEVCParseContext *)s->priv_data)->h;

    h->HEVClc = av_mallocz(sizeof(HEVCLocalContext));



    h->skipped_bytes_pos_size = INT_MAX;



    return 0;

}",True,FFmpeg,a5398aa56cfbf80acb409451cd807660402a34d4
16427,"static int get_int32_equal(QEMUFile *f, void *pv, size_t size,

                           VMStateField *field)

{

    int32_t *v = pv;

    int32_t v2;

    qemu_get_sbe32s(f, &v2);



    if (*v == v2) {

        return 0;


    error_report(""%"" PRIx32 "" != %"" PRIx32, *v, v2);




    return -EINVAL;
",True,qemu,d2164ad35c411d97abd2aa5c6f160283d215e214
21008,"static void fd_chr_close(struct CharDriverState *chr)

{

    FDCharDriver *s = chr->opaque;



    if (s->fd_in_tag) {

        g_source_remove(s->fd_in_tag);

        s->fd_in_tag = 0;

    }



    if (s->fd_in) {

        g_io_channel_unref(s->fd_in);

    }

    if (s->fd_out) {

        g_io_channel_unref(s->fd_out);

    }



    g_free(s);

    qemu_chr_be_event(chr, CHR_EVENT_CLOSED);

}
",True,qemu,2b316774f60291f57ca9ecb6a9f0712c532cae34
8451,"static void udp_chr_close(CharDriverState *chr)

{

    NetCharDriver *s = chr->opaque;

    if (s->tag) {

        g_source_remove(s->tag);

        s->tag = 0;

    }

    if (s->chan) {

        g_io_channel_unref(s->chan);

        closesocket(s->fd);

    }

    g_free(s);

    qemu_chr_be_event(chr, CHR_EVENT_CLOSED);

}
",True,qemu,2b316774f60291f57ca9ecb6a9f0712c532cae34
16339,"static void udp_chr_update_read_handler(CharDriverState *chr)

{

    NetCharDriver *s = chr->opaque;



    if (s->tag) {

        g_source_remove(s->tag);

        s->tag = 0;

    }



    if (s->chan) {

        s->tag = io_add_watch_poll(s->chan, udp_chr_read_poll, udp_chr_read, chr);

    }

}
",True,qemu,2b316774f60291f57ca9ecb6a9f0712c532cae34
11095,"g_malloc(size_t n_bytes)

{

    void *mem;

    __coverity_negative_sink__(n_bytes);

    mem = malloc(n_bytes == 0 ? 1 : n_bytes);

    if (!mem) __coverity_panic__();

    return mem;

}
",True,qemu,9d7a4c6690ef9962a3b20034f65008f1ea15c1d6
20403,"static void set_sigp_status(SigpInfo *si, uint64_t status)

{

    *si->status_reg &= 0xffffffff00000000ULL;

    *si->status_reg |= status;

    si->cc = SIGP_CC_STATUS_STORED;

}
",False,qemu,74b4c74d5efb0a489bdf0acc5b5d0197167e7649
24985,"static int ftp_features(FTPContext *s)

{

    static const char *feat_command        = ""FEAT\r\n"";

    static const char *enable_utf8_command = ""OPTS UTF8 ON\r\n"";

    static const int feat_codes[] = {211, 0};

    static const int opts_codes[] = {200, 451};

    char *feat;



    if (ftp_send_command(s, feat_command, feat_codes, &feat) == 211) {

        if (av_stristr(feat, ""UTF8""))

            ftp_send_command(s, enable_utf8_command, opts_codes, NULL);

    }

    return 0;

}
",True,FFmpeg,db85d11d9d880c932b13d37b5f1ca2bc9e3a253b
26808,"static void qemu_init_child_watch(void)

{

    struct sigaction act;

    sigchld_bh = qemu_bh_new(sigchld_bh_handler, NULL);



    memset(&act, 0, sizeof(act));

    act.sa_handler = sigchld_handler;

    act.sa_flags = SA_NOCLDSTOP;

    sigaction(SIGCHLD, &act, NULL);

}
",False,qemu,c2b38b277a7882a592f4f2ec955084b2b756daaa
15172,"static int scsi_disk_initfn(SCSIDevice *dev)

{

    SCSIDriveKind kind;



    if (!dev->conf.bs) {

        kind = SCSI_HD;         /* will die in scsi_initfn() */

    } else {

        kind = bdrv_get_type_hint(dev->conf.bs) == BDRV_TYPE_CDROM

            ? SCSI_CD : SCSI_HD;

    }



    return scsi_initfn(dev, kind);

}
",False,qemu,95b5edcd92d64c7b8fe9f2e3e0725fdf84be0dfa
26933,"Object *object_dynamic_cast_assert(Object *obj, const char *typename)

{

    Object *inst;



    inst = object_dynamic_cast(obj, typename);



    if (!inst) {

        fprintf(stderr, ""Object %p is not an instance of type %s\n"",

                obj, typename);

        abort();

    }



    return inst;

}
",True,qemu,b7f43fe46029d8fd0594cd599fa2599dcce0f553
23379,"int bdrv_debug_resume(BlockDriverState *bs, const char *tag)

{

    while (bs && (!bs->drv || !bs->drv->bdrv_debug_resume)) {

        bs = bs->file;

    }



    if (bs && bs->drv && bs->drv->bdrv_debug_resume) {

        return bs->drv->bdrv_debug_resume(bs, tag);

    }



    return -ENOTSUP;

}
",False,qemu,61007b316cd71ee7333ff7a0a749a8949527575f
26394,"static int virtio_net_can_receive(VLANClientState *vc)

{

    VirtIONet *n = vc->opaque;



    return do_virtio_net_can_receive(n, VIRTIO_NET_MAX_BUFSIZE);

}
",False,qemu,cdd5cc12ba8cf0c068da319370bdd3ba45eaf7ac
7083,"static void co_test_cb(void *opaque)

{

    WorkerTestData *data = opaque;



    active = 1;

    data->n = 0;

    data->ret = -EINPROGRESS;

    thread_pool_submit_co(worker_cb, data);



    /* The test continues in test_submit_co, after qemu_coroutine_enter... */



    g_assert_cmpint(data->n, ==, 1);

    data->ret = 0;

    active--;



    /* The test continues in test_submit_co, after qemu_aio_wait_all... */

}
",False,qemu,c4d9d19645a484298a67e9021060bc7c2b081d0f
13648,"static void unref_buffer(InputStream *ist, FrameBuffer *buf)

{

    av_assert0(buf->refcount);

    buf->refcount--;

    if (!buf->refcount) {

        buf->next = ist->buffer_pool;

        ist->buffer_pool = buf;

    }

}
",False,FFmpeg,be2b927a6f5311cd5dbf25bd34a029c5d376d9cd
17889,"void cpu_exec_init(CPUState *cpu, Error **errp)

{

    CPUClass *cc ATTRIBUTE_UNUSED = CPU_GET_CLASS(cpu);



    cpu_list_add(cpu);



#ifndef CONFIG_USER_ONLY

    if (qdev_get_vmsd(DEVICE(cpu)) == NULL) {

        vmstate_register(NULL, cpu->cpu_index, &vmstate_cpu_common, cpu);

    }

    if (cc->vmsd != NULL) {

        vmstate_register(NULL, cpu->cpu_index, cc->vmsd, cpu);

    }

#endif

}
",True,qemu,ce5b1bbf624b977a55ff7f85bb3871682d03baff
7152,"void qemu_mutex_unlock_iothread(void) {}
",True,qemu,12d4536f7d911b6d87a766ad7300482ea663cea2
19571,"static inline uint32_t reloc_26_val(tcg_insn_unit *pc, tcg_insn_unit *target)

{

    assert((((uintptr_t)pc ^ (uintptr_t)target) & 0xf0000000) == 0);

    return ((uintptr_t)target >> 2) & 0x3ffffff;

}
",False,qemu,eabb7b91b36b202b4dac2df2d59d698e3aff197a
13753,"void cpu_breakpoint_remove_by_ref(CPUState *env, CPUBreakpoint *breakpoint)

{

#if defined(TARGET_HAS_ICE)

    TAILQ_REMOVE(&env->breakpoints, breakpoint, entry);



    breakpoint_invalidate(env, breakpoint->pc);



    qemu_free(breakpoint);

#endif

}
",False,qemu,72cf2d4f0e181d0d3a3122e04129c58a95da713e
12518,"void av_bitstream_filter_close(AVBitStreamFilterContext *bsfc){



    if(bsfc->filter->close)

        bsfc->filter->close(bsfc);

    av_freep(&bsfc->priv_data);

    av_parser_close(bsfc->parser);

    av_free(bsfc);

}",True,FFmpeg,41fe750f4b130f08f41ce0e5126046315c891cae
17249,"static int within_hwc_y_range(SM501State *state, int y, int crt)

{

    int hwc_y = get_hwc_y(state, crt);

    return (hwc_y <= y && y < hwc_y + SM501_HWC_HEIGHT);

}
",False,qemu,6a2a5aae02b9a0b53807b9ad91f15cd4988781f9
10679,"static int get_S2prot(CPUARMState *env, int s2ap, int xn)

{

    int prot = 0;



    if (s2ap & 1) {

        prot |= PAGE_READ;

    }

    if (s2ap & 2) {

        prot |= PAGE_WRITE;

    }

    if (!xn) {

        prot |= PAGE_EXEC;

    }

    return prot;

}
",True,qemu,dfda68377e20943f474505e75238cb96bc6874bf
21858,"static void sdl_grab_start(void)

{

    if (guest_cursor) {

        SDL_SetCursor(guest_sprite);

        SDL_WarpMouse(guest_x, guest_y);

    } else

        sdl_hide_cursor();



    if (SDL_WM_GrabInput(SDL_GRAB_ON) == SDL_GRAB_ON) {

        gui_grab = 1;

        sdl_update_caption();

    } else

        sdl_show_cursor();

}
",False,qemu,08a2d4c4ffde60e48819449f461274c43ad6e2d3
19674,"static void gen_rfmci(DisasContext *ctx)

{

#if defined(CONFIG_USER_ONLY)

    gen_inval_exception(ctx, POWERPC_EXCP_PRIV_OPC);

#else

    if (unlikely(ctx->pr)) {

        gen_inval_exception(ctx, POWERPC_EXCP_PRIV_OPC);

        return;

    }

    /* Restore CPU state */

    gen_helper_rfmci(cpu_env);

    gen_sync_exception(ctx);

#endif

}
",True,qemu,9b2fadda3e0196ffd485adde4fe9cdd6fae35300
19031,"static void seg_free_context(SegmentContext *seg)

{

    avio_closep(&seg->pb);

    avformat_free_context(seg->avf);

    seg->avf = NULL;

}
",False,FFmpeg,9f61abc8111c7c43f49ca012e957a108b9cc7610
14854,"static int coroutine_fn raw_co_pdiscard(BlockDriverState *bs,

                                        int64_t offset, int count)

{

    BDRVRawState *s = bs->opaque;

    if (offset > UINT64_MAX - s->offset) {

        return -EINVAL;

    }

    offset += s->offset;

    return bdrv_co_pdiscard(bs->file->bs, offset, count);

}
",False,qemu,2e6fc7eb1a4af1b127df5f07b8bb28af891946fa
9079,"void virtio_queue_update_rings(VirtIODevice *vdev, int n)

{

    VRing *vring = &vdev->vq[n].vring;



    if (!vring->desc) {

        /* not yet setup -> nothing to do */

        return;

    }

    vring->avail = vring->desc + vring->num * sizeof(VRingDesc);

    vring->used = vring_align(vring->avail +

                              offsetof(VRingAvail, ring[vring->num]),

                              vring->align);

    virtio_init_region_cache(vdev, n);

}
",True,qemu,758ead31c7e17bf17a9ef2e0ca1c3e86ab296b43
9523,"static int64_t guest_file_handle_add(FILE *fh, Error **errp)

{

    GuestFileHandle *gfh;

    int64_t handle;



    handle = ga_get_fd_handle(ga_state, errp);

    if (handle < 0) {

        return -1;

    }



    gfh = g_malloc0(sizeof(GuestFileHandle));

    gfh->id = handle;

    gfh->fh = fh;

    QTAILQ_INSERT_TAIL(&guest_file_state.filehandles, gfh, next);



    return handle;

}
",True,qemu,f3a06403b82c7f036564e4caf18b52ce6885fcfb
15869,"int l4_register_io_memory(CPUReadMemoryFunc * const *mem_read,

                CPUWriteMemoryFunc * const *mem_write, void *opaque)

{

    omap_l4_io_entry[omap_l4_io_entries].mem_read = mem_read;

    omap_l4_io_entry[omap_l4_io_entries].mem_write = mem_write;

    omap_l4_io_entry[omap_l4_io_entries].opaque = opaque;



    return omap_l4_io_entries ++;

}
",False,qemu,92c0bba9a95739c92e959fe478cb1acb92fa5446
19935,"static KVMMSIRoute *kvm_lookup_msi_route(KVMState *s, MSIMessage msg)

{

    unsigned int hash = kvm_hash_msi(msg.data);

    KVMMSIRoute *route;



    QTAILQ_FOREACH(route, &s->msi_hashtab[hash], entry) {

        if (route->kroute.u.msi.address_lo == (uint32_t)msg.address &&

            route->kroute.u.msi.address_hi == (msg.address >> 32) &&

            route->kroute.u.msi.data == msg.data) {

            return route;

        }

    }

    return NULL;

}
",False,qemu,d07cc1f12d8e15c167857852c39190d770763824
20240,"static uint32_t platform_mmio_read(ReadWriteHandler *handler, pcibus_t addr, int len)

{

    DPRINTF(""Warning: attempted read from physical address ""

            ""0x"" TARGET_FMT_plx "" in xen platform mmio space\n"", addr);



    return 0;

}
",False,qemu,de00982e9e14e2d6ba3d148f02c5a1e94deaa985
12921,"static double get_video_clock(VideoState *is)

{

    double delta;

    if (is->paused) { //FIXME timing gets messed after pause

        delta = 0;

    } else {

        delta = (av_gettime() - is->video_current_pts_time) / 1000000.0;

    }

    return is->video_current_pts + delta;

}
",False,FFmpeg,041086191fc08ab162ad6117b07a5f39639d5d9d
23665,"void ff_set_fixed_vector(float *out, const AMRFixed *in, float scale, int size)

{

    int i;



    for (i=0; i < in->n; i++) {

        int x   = in->x[i], repeats = !((in->no_repeat_mask >> i) & 1);

        float y = in->y[i] * scale;




        do {

            out[x] += y;

            y *= in->pitch_fac;

            x += in->pitch_lag;

        } while (x < size && repeats);

    }

}",True,FFmpeg,290e7eb77bee5a54182fb3d5fb122c1e117190da
14147,"static void gen_tlbiel(DisasContext *ctx)

{

#if defined(CONFIG_USER_ONLY)

    gen_inval_exception(ctx, POWERPC_EXCP_PRIV_OPC);

#else

    if (unlikely(ctx->pr)) {

        gen_inval_exception(ctx, POWERPC_EXCP_PRIV_OPC);

        return;

    }

    gen_helper_tlbie(cpu_env, cpu_gpr[rB(ctx->opcode)]);

#endif

}
",True,qemu,9b2fadda3e0196ffd485adde4fe9cdd6fae35300
24695,"void op_mtc0_ebase (void)

{

    /* vectored interrupts not implemented */

    /* Multi-CPU not implemented */

    env->CP0_EBase = (int32_t)0x80000000 | (T0 & 0x3FFFF000);

    RETURN();

}
",False,qemu,b29a0341d7ed7e7df4bf77a41db8e614f1ddb645
18342,"QEMUTimerList *qemu_clock_get_main_loop_timerlist(QEMUClockType type)

{

    return main_loop_tlg.tl[type];

}
",False,qemu,c2b38b277a7882a592f4f2ec955084b2b756daaa
26606,"static void do_balloon(Monitor *mon, const QDict *qdict, QObject **ret_data)

{

    int value = qdict_get_int(qdict, ""value"");

    ram_addr_t target = value;

    qemu_balloon(target << 20);

}
",False,qemu,cfdf2c40577ed99bb19cdc05d0537e2808d77a78
9904,"static void kvm_invoke_set_guest_debug(void *data)

{

    struct kvm_set_guest_debug_data *dbg_data = data;

    CPUState *env = dbg_data->env;



    if (env->kvm_vcpu_dirty) {

        kvm_arch_put_registers(env);

        env->kvm_vcpu_dirty = 0;

    }

    dbg_data->err = kvm_vcpu_ioctl(env, KVM_SET_GUEST_DEBUG, &dbg_data->dbg);

}
",True,qemu,b0b1d69079fcb9453f45aade9e9f6b71422147b0
26331,"static void vhost_commit(MemoryListener *listener)

{

}
",True,qemu,af60314291af3cabda18d27f928b0e0ff899cc76
21823,"static target_long monitor_get_tbl (const struct MonitorDef *md, int val)

{

    CPUState *env = mon_get_cpu();

    if (!env)

        return 0;

    return cpu_ppc_load_tbl(env);

}
",True,qemu,09b9418c6d085a0728372aa760ebd10128a020b1
19788,"static av_cold int ra144_decode_init(AVCodecContext * avctx)
{
    RA144Context *ractx = avctx->priv_data;
    ractx->avctx = avctx;
    ractx->lpc_coef[0] = ractx->lpc_tables[0];
    ractx->lpc_coef[1] = ractx->lpc_tables[1];
    avctx->channels       = 1;
    avctx->channel_layout = AV_CH_LAYOUT_MONO;
    avctx->sample_fmt     = AV_SAMPLE_FMT_S16;
    return 0;
}",True,FFmpeg,c3390fd56cf55259ea7665ecea6c8aeddf56e2fc
7949,"static int get_uint16(QEMUFile *f, void *pv, size_t size)

{

    uint16_t *v = pv;

    qemu_get_be16s(f, v);

    return 0;

}
",True,qemu,60fe637bf0e4d7989e21e50f52526444765c63b4
19530,"static coroutine_fn int qemu_gluster_co_flush_to_disk(BlockDriverState *bs)

{

    int ret;

    GlusterAIOCB acb;

    BDRVGlusterState *s = bs->opaque;



    acb.size = 0;

    acb.ret = 0;

    acb.coroutine = qemu_coroutine_self();

    acb.aio_context = bdrv_get_aio_context(bs);



    ret = glfs_fsync_async(s->fd, gluster_finish_aiocb, &acb);

    if (ret < 0) {

        return -errno;

    }



    qemu_coroutine_yield();

    return acb.ret;

}
",True,qemu,d85fa9eb87ba736d2d5ce342fc35f507c8fe29f2
10590,"static void tilegx_cpu_initfn(Object *obj)

{

    CPUState *cs = CPU(obj);

    TileGXCPU *cpu = TILEGX_CPU(obj);

    CPUTLGState *env = &cpu->env;

    static bool tcg_initialized;



    cs->env_ptr = env;

    cpu_exec_init(cs, &error_abort);



    if (tcg_enabled() && !tcg_initialized) {

        tcg_initialized = true;

        tilegx_tcg_init();

    }

}
",True,qemu,ce5b1bbf624b977a55ff7f85bb3871682d03baff
19065,"static uint64_t error_mem_read(void *opaque, hwaddr addr,

                               unsigned size)

{

    abort();

}
",True,qemu,bf8d5166395612b4e856fad57606eb0cff97ae2e
3698,"int css_create_css_image(uint8_t cssid, bool default_image)

{

    trace_css_new_image(cssid, default_image ? ""(default)"" : """");

    if (cssid > MAX_CSSID) {

        return -EINVAL;

    }

    if (channel_subsys.css[cssid]) {

        return -EBUSY;

    }

    channel_subsys.css[cssid] = g_malloc0(sizeof(CssImage));

    if (default_image) {

        channel_subsys.default_cssid = cssid;

    }

    return 0;

}
",True,qemu,882b3b97697affb36ca3d174f42f846232008979
24334,"static void load_tco(const TestData *d)

{

    qpci_io_writew(d->dev, d->tco_io_base + TCO_RLD, 4);

}
",True,qemu,b4ba67d9a702507793c2724e56f98e9b0f7be02b
5116,"static uint32_t omap2_gpio_module_readp(void *opaque, target_phys_addr_t addr)

{

    return omap2_gpio_module_readp(opaque, addr) >> ((addr & 3) << 3);

}
",True,qemu,e1556ad5b8143a15c26067c3862fe20631c0053f
5459,"static ram_addr_t s390_virtio_device_num_vq(VirtIOS390Device *dev)

{

    VirtIODevice *vdev = dev->vdev;

    int num_vq;



    for (num_vq = 0; num_vq < VIRTIO_PCI_QUEUE_MAX; num_vq++) {

        if (!virtio_queue_get_num(vdev, num_vq)) {

            break;

        }

    }



    return num_vq;

}
",False,qemu,74c85296dc880568005b8e7572e08a39d66bcdca
14231,"static QOSState *qvirtio_scsi_start(const char *extra_opts)

{

    const char *cmd = ""-drive id=drv0,if=none,file=/dev/null,format=raw ""

                      ""-device virtio-scsi-pci,id=vs0 ""

                      ""-device scsi-hd,bus=vs0.0,drive=drv0 %s"";



    return qtest_pc_boot(cmd, extra_opts ? : """");

}
",False,qemu,30ca440eec9fe1d7eec5a48addac656438778278
9872,"static void cow_close(BlockDriverState *bs)

{

}
",False,qemu,550830f9351291c585c963204ad9127998b1c1ce
427,"uint64_t helper_sublv (uint64_t op1, uint64_t op2)

{

    uint64_t tmp = op1;

    op1 = (uint32_t)(op1 - op2);

    if (unlikely(((~tmp) ^ op1 ^ (-1UL)) & ((~tmp) ^ op2) & (1UL << 31))) {

        helper_excp(EXCP_ARITH, EXCP_ARITH_OVERFLOW);

    }

    return op1;

}
",True,qemu,ecbb5ea1041d2894f5efb9317acd519c4fd81ad5
2797,"static void cirrus_bitblt_rop_nop(CirrusVGAState *s,

                                  uint8_t *dst,const uint8_t *src,

                                  int dstpitch,int srcpitch,

                                  int bltwidth,int bltheight)

{

}
",False,qemu,026aeffcb4752054830ba203020ed6eb05bcaba8
2330,"static inline int cris_addc_m(int a, const int *b)

{

	asm volatile (""addc [%1], %0\n"" : ""+r"" (a) : ""r"" (b));

	return a;

}
",True,qemu,21ce148c7ec71ee32834061355a5ecfd1a11f90f
10274,"static int is_dup_page(uint8_t *page, uint8_t ch)

{

    uint32_t val = ch << 24 | ch << 16 | ch << 8 | ch;

    uint32_t *array = (uint32_t *)page;

    int i;



    for (i = 0; i < (TARGET_PAGE_SIZE / 4); i++) {

        if (array[i] != val)

            return 0;

    }



    return 1;

}
",False,qemu,ad96090a01d848df67d70c5259ed8aa321fa8716
11160,"static void virtio_device_free_virtqueues(VirtIODevice *vdev)

{

    int i;

    if (!vdev->vq) {

        return;

    }



    for (i = 0; i < VIRTIO_QUEUE_MAX; i++) {

        VRingMemoryRegionCaches *caches;

        if (vdev->vq[i].vring.num == 0) {

            break;

        }

        caches = atomic_read(&vdev->vq[i].vring.caches);

        atomic_set(&vdev->vq[i].vring.caches, NULL);

        virtio_free_region_cache(caches);

    }

    g_free(vdev->vq);

}
",True,qemu,e0e2d644096c79a71099b176d08f465f6803a8b1
17386,"static void audio_init (PCIBus *pci_bus)

{

    struct soundhw *c;

    int audio_enabled = 0;



    for (c = soundhw; !audio_enabled && c->name; ++c) {

        audio_enabled = c->enabled;

    }



    if (audio_enabled) {

        AudioState *s;



        s = AUD_init ();

        if (s) {

            for (c = soundhw; c->name; ++c) {

                if (c->enabled)

                    c->init.init_pci (pci_bus, s);

            }

        }

    }

}
",True,qemu,0d9acba8fddbf970c7353083e6a60b47017ce3e4
16721,"static void gd_menu_switch_vc(GtkMenuItem *item, void *opaque)
{
    GtkDisplayState *s = opaque;
    VirtualConsole *vc = gd_vc_find_by_menu(s);
    GtkNotebook *nb = GTK_NOTEBOOK(s->notebook);
    gint page;
    gtk_release_modifiers(s);
    if (vc) {
        page = gtk_notebook_page_num(nb, vc->tab_item);
        gtk_notebook_set_current_page(nb, page);
        gtk_widget_grab_focus(vc->focus);
    }
}",True,qemu,1a01716a307387e5cf1336f61a96f772dddadc90
22688,"void do_addmeo_64 (void)

{

    T1 = T0;

    T0 += xer_ca + (-1);

    if (likely(!((uint64_t)T1 &

                 ((uint64_t)T1 ^ (uint64_t)T0) & (1ULL << 63)))) {

        xer_ov = 0;

    } else {

        xer_so = 1;

        xer_ov = 1;

    }

    if (likely(T1 != 0))

        xer_ca = 1;

}
",True,qemu,966439a67830239a6c520c5df6c55627b8153c8b
5827,"static void omap_ulpd_pm_init(MemoryRegion *system_memory,

                target_phys_addr_t base,

                struct omap_mpu_state_s *mpu)

{

    memory_region_init_io(&mpu->ulpd_pm_iomem, &omap_ulpd_pm_ops, mpu,

                          ""omap-ulpd-pm"", 0x800);

    memory_region_add_subregion(system_memory, base, &mpu->ulpd_pm_iomem);

    omap_ulpd_pm_reset(mpu);

}
",False,qemu,a8170e5e97ad17ca169c64ba87ae2f53850dab4c
4354,"void helper_wrpsr(CPUSPARCState *env, target_ulong new_psr)

{

    if ((new_psr & PSR_CWP) >= env->nwindows) {

        cpu_raise_exception_ra(env, TT_ILL_INSN, GETPC());

    } else {



        cpu_put_psr(env, new_psr);


    }

}",True,qemu,5ee5993001cf32addb86a92e2ae8cb090fbc1462
14130,"int64_t timerlist_deadline_ns(QEMUTimerList *timer_list)

{

    int64_t delta;



    if (!timer_list->clock->enabled || !timer_list->active_timers) {

        return -1;

    }



    delta = timer_list->active_timers->expire_time -

        qemu_clock_get_ns(timer_list->clock->type);



    if (delta <= 0) {

        return 0;

    }



    return delta;

}
",False,qemu,978f2205c791de0e02c8802a645bea657408abfd
4976,"int qemu_peek_byte(QEMUFile *f, int offset)

{

    int index = f->buf_index + offset;



    assert(!qemu_file_is_writable(f));

    assert(offset < IO_BUF_SIZE);



    if (index >= f->buf_size) {

        qemu_fill_buffer(f);

        index = f->buf_index + offset;

        if (index >= f->buf_size) {

            return 0;

        }

    }

    return f->buf[index];

}
",True,qemu,60fe637bf0e4d7989e21e50f52526444765c63b4
13857,"void ff_jref_idct_add(uint8_t *dest, ptrdiff_t line_size, int16_t *block)

{

    ff_j_rev_dct(block);

    ff_add_pixels_clamped(block, dest, line_size);

}
",True,FFmpeg,32baeafeee4f8446c2c3720b9223ad2166ca9d30
24219,"static void term_backspace(void)

{

    if (term_cmd_buf_index > 0) {

        term_backward_char();

        term_delete_char();

    }

}
",False,qemu,7e2515e87c41e2e658aaed466e11cbdf1ea8bcb1
3464,"void block_job_cancel_sync(BlockJob *job)

{

    BlockDriverState *bs = job->bs;



    assert(bs->job == job);

    block_job_cancel(job);

    while (bs->job != NULL && bs->job->busy) {

        qemu_aio_wait();

    }

}
",True,qemu,fa4478d5c8b74a5f0c8b93cc00590ec007be5016
18427,"static void count_usage(uint8_t *src, int width,

                        int height, uint32_t *counts)

{

    int i, j;



    for (j = 0; j < height; j++) {

        for (i = 0; i < width; i++) {

            counts[src[i]]++;

        }

        src += width;

    }

}
",True,FFmpeg,f92f4935acd7d974adfd1deebdf1bb06cbe107ca
12101,"static void intra_predict_vert_8x8_msa(uint8_t *src, uint8_t *dst,

                                       int32_t dst_stride)

{

    uint32_t row;

    uint32_t src_data1, src_data2;



    src_data1 = LW(src);

    src_data2 = LW(src + 4);



    for (row = 8; row--;) {

        SW(src_data1, dst);

        SW(src_data2, (dst + 4));

        dst += dst_stride;

    }

}
",False,FFmpeg,d6737539e77e78fca9a04914d51996cfd1ccc55c
20726,"static void gen_stf_asi(DisasContext *dc, TCGv addr,

                        int insn, int size, int rd)

{

    TCGv_i32 r_asi, r_size, r_rd;



    r_asi = gen_get_asi(dc, insn);

    r_size = tcg_const_i32(size);

    r_rd = tcg_const_i32(rd);

    gen_helper_stf_asi(cpu_env, addr, r_asi, r_size, r_rd);

    tcg_temp_free_i32(r_rd);

    tcg_temp_free_i32(r_size);

    tcg_temp_free_i32(r_asi);

}
",False,qemu,7ec1e5ea4bd0700fa48da86bffa2fcc6146c410a
21196,"static inline int check_fit_i32(uint32_t val, unsigned int bits)

{

    return ((val << (32 - bits)) >> (32 - bits)) == val;

}
",False,qemu,425532d71d5d295cc9c649500e4969ac621ce51d
16753,"e1000_can_receive(NetClientState *nc)

{

    E1000State *s = qemu_get_nic_opaque(nc);



    return (s->mac_reg[RCTL] & E1000_RCTL_EN) && e1000_has_rxbufs(s, 1);

}
",True,qemu,ddcb73b7782cb6104479503faea04cc224f982b5
12685,"static QemuOpt *qemu_opt_find(QemuOpts *opts, const char *name)

{

    QemuOpt *opt;



    TAILQ_FOREACH(opt, &opts->head, next) {

        if (strcmp(opt->name, name) != 0)

            continue;

        return opt;

    }

    return NULL;

}
",False,qemu,72cf2d4f0e181d0d3a3122e04129c58a95da713e
253,"static int find_stream_index(AVFormatContext *s)

{

    int i;

    AVStream *st;



    if (s->nb_streams <= 0)

        return -1;

    for(i = 0; i < s->nb_streams; i++) {

        st = s->streams[i];

        if (st->codec.codec_type == CODEC_TYPE_VIDEO) {

            return i;

        }

    }

    return 0;

}
",False,FFmpeg,b754978a3b0aa17e7794f64c69bf4491762797fd
10422,"static int virtio_balloon_init_pci(PCIDevice *pci_dev)

{

    VirtIOPCIProxy *proxy = DO_UPCAST(VirtIOPCIProxy, pci_dev, pci_dev);

    VirtIODevice *vdev;



    vdev = virtio_balloon_init(&pci_dev->qdev);




    virtio_init_pci(proxy, vdev);

    return 0;
",True,qemu,f76f665547f4a954a2c83552a88816fc2a316be0
19659,"static void do_change_block(const char *device, const char *filename)

{

    BlockDriverState *bs;



    bs = bdrv_find(device);

    if (!bs) {

        term_printf(""device not found\n"");

        return;

    }

    if (eject_device(bs, 0) < 0)

        return;

    bdrv_open(bs, filename, 0);

    qemu_key_check(bs, filename);

}
",True,qemu,2ecea9b8de5cd74df314541b87f712ae77f862ec
7400,"static inline int cris_bound_d(int v, int b)

{

	int r = v;

	asm (""bound.d\t%1, %0\n"" : ""+r"" (r) : ""ri"" (b));

	return r;

}
",True,qemu,21ce148c7ec71ee32834061355a5ecfd1a11f90f
3192,"static void qmp_input_end_list(Visitor *v)

{

    QmpInputVisitor *qiv = to_qiv(v);



    qmp_input_pop(qiv, &error_abort);

}
",True,qemu,15c2f669e3fb2bc97f7b42d1871f595c0ac24af8
13307,"void clamp_mv(VP8Context *s, VP56mv *dst, const VP56mv *src)

{

    dst->x = av_clip(src->x, s->mv_min.x, s->mv_max.x);

    dst->y = av_clip(src->y, s->mv_min.y, s->mv_max.y);

}
",True,FFmpeg,6fdbaa2b7fb56623ab2163f861952bc1408c39b3
6074,"void virtio_9p_push_and_notify(V9fsPDU *pdu)

{

    V9fsState *s = pdu->s;

    V9fsVirtioState *v = container_of(s, V9fsVirtioState, state);

    VirtQueueElement *elem = &v->elems[pdu->idx];



    /* push onto queue and notify */

    virtqueue_push(v->vq, elem, pdu->size);



    /* FIXME: we should batch these completions */

    virtio_notify(VIRTIO_DEVICE(v), v->vq);

}
",False,qemu,51b19ebe4320f3dcd93cea71235c1219318ddfd2
4876,"static double get_video_clock(VideoState *is)

{

    if (is->paused) {

        return is->video_current_pts;

    } else {

        return is->video_current_pts + (av_gettime() - is->video_current_pts_time) / 1000000.0;

    }

}
",True,FFmpeg,68aefbe81cb3b9dd002108782bb8d798e1c12806
21627,"static void ppce500_reset_device_tree(void *opaque)

{

    DeviceTreeParams *p = opaque;

    ppce500_load_device_tree(p->machine, &p->params, p->addr, p->initrd_base,

                             p->initrd_size, false);

}
",False,qemu,903585dec63ee83bd8149006e31f92ea789b38e3
26573,"int bdrv_writev_vmstate(BlockDriverState *bs, QEMUIOVector *qiov, int64_t pos)

{

    BlockDriver *drv = bs->drv;



    if (!drv) {

        return -ENOMEDIUM;

    } else if (drv->bdrv_save_vmstate) {

        return drv->bdrv_save_vmstate(bs, qiov, pos);

    } else if (bs->file) {

        return bdrv_writev_vmstate(bs->file, qiov, pos);

    }



    return -ENOTSUP;

}
",False,qemu,61007b316cd71ee7333ff7a0a749a8949527575f
3530,"void av_opencl_buffer_release(cl_mem *cl_buf)

{

    cl_int status = 0;

    if (!cl_buf)

        return;

    status = clReleaseMemObject(*cl_buf);

    if (status != CL_SUCCESS) {

        av_log(&openclutils, AV_LOG_ERROR, ""Could not release OpenCL buffer: %s\n"", opencl_errstr(status));

    }

    memset(cl_buf, 0, sizeof(*cl_buf));

}
",False,FFmpeg,57d77b3963ce1023eaf5ada8cba58b9379405cc8
2560,"static uint32_t virtio_balloon_get_features(VirtIODevice *vdev)

{

    return 0;

}
",False,qemu,8172539d21a03e982aa7f139ddc1607dc1422045
11691,"void qapi_dealloc_visitor_cleanup(QapiDeallocVisitor *v)

{

    g_free(v);

}
",False,qemu,2c0ef9f411ae6081efa9eca5b3eab2dbeee45a6c
8276,"AVOpenCLExternalEnv *av_opencl_alloc_external_env(void)

{

    AVOpenCLExternalEnv *ext = av_mallocz(sizeof(AVOpenCLExternalEnv));

    if (!ext) {

        av_log(&openclutils, AV_LOG_ERROR,

         ""Could not malloc external opencl environment data space\n"");

    }

    return ext;

}
",False,FFmpeg,57d77b3963ce1023eaf5ada8cba58b9379405cc8
2183,"static void dma_complete(DMAAIOCB *dbs, int ret)

{

    trace_dma_complete(dbs, ret, dbs->common.cb);



    dma_bdrv_unmap(dbs);

    if (dbs->common.cb) {

        dbs->common.cb(dbs->common.opaque, ret);

    }

    qemu_iovec_destroy(&dbs->iov);

    if (dbs->bh) {

        qemu_bh_delete(dbs->bh);

        dbs->bh = NULL;

    }

    qemu_aio_unref(dbs);

}
",False,qemu,4be746345f13e99e468c60acbd3a355e8183e3ce
24548,"static void io_watch_poll_finalize(GSource *source)

{

    IOWatchPoll *iwp = io_watch_poll_from_source(source);

    if (iwp->src) {

        g_source_destroy(iwp->src);

        g_source_unref(iwp->src);

        iwp->src = NULL;

    }

}
",True,qemu,2b316774f60291f57ca9ecb6a9f0712c532cae34
13515,"static int cow_write(BlockDriverState *bs, int64_t sector_num,

                     const uint8_t *buf, int nb_sectors)

{

    BDRVCowState *s = bs->opaque;

    int ret;



    ret = bdrv_pwrite(bs->file, s->cow_sectors_offset + sector_num * 512,

                      buf, nb_sectors * 512);

    if (ret < 0) {

        return ret;

    }



    return cow_update_bitmap(bs, sector_num, nb_sectors);

}
",False,qemu,550830f9351291c585c963204ad9127998b1c1ce
25769,"static void qmp_input_type_any(Visitor *v, const char *name, QObject **obj,

                               Error **errp)

{

    QmpInputVisitor *qiv = to_qiv(v);

    QObject *qobj = qmp_input_get_object(qiv, name, true, errp);



    *obj = NULL;

    if (!qobj) {

        return;

    }



    qobject_incref(qobj);

    *obj = qobj;

}
",False,qemu,b3db211f3c80bb996a704d665fe275619f728bd4
20064,"static void cmd_test_unit_ready(IDEState *s, uint8_t *buf)

{

    if (bdrv_is_inserted(s->bs)) {

        ide_atapi_cmd_ok(s);

    } else {

        ide_atapi_cmd_error(s, SENSE_NOT_READY, ASC_MEDIUM_NOT_PRESENT);

    }

}
",False,qemu,7a2c4b82340d621bff462672b29c88d2020d68c1
16076,"static ssize_t proxy_readlink(FsContext *fs_ctx, V9fsPath *fs_path,

                              char *buf, size_t bufsz)

{

    int retval;

    retval = v9fs_request(fs_ctx->private, T_READLINK, buf, ""sd"",

                          fs_path, bufsz);

    if (retval < 0) {

        errno = -retval;

        return -1;

    }

    return strlen(buf);

}
",False,qemu,494a8ebe713055d3946183f4b395f85a18b43e9e
22483,"static int coroutine_fn bdrv_co_readv_em(BlockDriverState *bs,

                                         int64_t sector_num, int nb_sectors,

                                         QEMUIOVector *iov)

{

    return bdrv_co_io_em(bs, sector_num, nb_sectors, iov, false);

}
",False,qemu,08844473820c93541fc47bdfeae0f2cc88cfab59
12567,"uint64_t migrate_max_downtime(void)

{

    return max_downtime;

}
",True,qemu,60fe637bf0e4d7989e21e50f52526444765c63b4
20536,"static inline int blah (int32_t i)

{

    if (i > 0x43c07fff)

        return 32767;

    else if (i < 0x43bf8000)

        return -32768;

    else

        return i - 0x43c00000;

}
",False,FFmpeg,0058584580b87feb47898e60e4b80c7f425882ad
5996,"static int vhost_scsi_exit(DeviceState *qdev)

{

    VirtIODevice *vdev = VIRTIO_DEVICE(qdev);

    VHostSCSI *s = VHOST_SCSI(qdev);

    VirtIOSCSICommon *vs = VIRTIO_SCSI_COMMON(qdev);



    migrate_del_blocker(s->migration_blocker);

    error_free(s->migration_blocker);



    /* This will stop vhost backend. */

    vhost_scsi_set_status(vdev, 0);



    g_free(s->dev.vqs);

    return virtio_scsi_common_exit(vs);

}
",True,qemu,e3c9d76acc984218264bbc6435b0c09f959ed9b8
26464,"int kvm_irqchip_remove_irqfd(KVMState *s, int fd, int virq)

{

    return -ENOSYS;

}
",False,qemu,b131c74a0e485b084ddaffc8214c8a19af492be7
8424,"void *av_realloc_array(void *ptr, size_t nmemb, size_t size)

{

    if (size <= 0 || nmemb >= INT_MAX / size)

        return NULL;

    return av_realloc(ptr, nmemb * size);

}
",False,FFmpeg,c3e6e8f06c42499bd020fd0b37f9542150e6067b
4461,"VMChangeStateEntry *qemu_add_vm_change_state_handler(VMChangeStateHandler *cb,

                                                     void *opaque)

{

    VMChangeStateEntry *e;



    e = qemu_mallocz(sizeof (*e));



    e->cb = cb;

    e->opaque = opaque;

    LIST_INSERT_HEAD(&vm_change_state_head, e, entries);

    return e;

}
",False,qemu,72cf2d4f0e181d0d3a3122e04129c58a95da713e
24688,"static void ff_h264_idct_add16_mmx2(uint8_t *dst, const int *block_offset, DCTELEM *block, int stride, const uint8_t nnzc[6*8]){

    int i;

    for(i=0; i<16; i++){

        int nnz = nnzc[ scan8[i] ];

        if(nnz){

            if(nnz==1 && block[i*16]) ff_h264_idct_dc_add_mmx2(dst + block_offset[i], block + i*16, stride);

            else                      ff_h264_idct_add_mmx    (dst + block_offset[i], block + i*16, stride);

        }

    }

}
",False,FFmpeg,1d16a1cf99488f16492b1bb48e023f4da8377e07
10611,"static int get_real_id(const char *devpath, const char *idname, uint16_t *val)

{

    FILE *f;

    char name[128];

    long id;



    snprintf(name, sizeof(name), ""%s%s"", devpath, idname);

    f = fopen(name, ""r"");

    if (f == NULL) {

        error_report(""%s: %s: %m"", __func__, name);

        return -1;

    }

    if (fscanf(f, ""%li\n"", &id) == 1) {

        *val = id;

    } else {


        return -1;

    }




    return 0;

}",True,qemu,90527d2a8bb08ca5b4774eacfdd6b8fe9671c077
8073,"static void do_info_network(int argc, const char **argv)

{

    int i, j;

    NetDriverState *nd;

    

    for(i = 0; i < nb_nics; i++) {

        nd = &nd_table[i];

        term_printf(""%d: ifname=%s macaddr="", i, nd->ifname);

        for(j = 0; j < 6; j++) {

            if (j > 0)

                term_printf("":"");

            term_printf(""%02x"", nd->macaddr[j]);

        }

        term_printf(""\n"");

    }

}
",False,qemu,9307c4c1d93939db9b04117b654253af5113dc21
25466,"static int io_open_default(AVFormatContext *s, AVIOContext **pb,
                           const char *url, int flags, AVDictionary **options)
{
#if FF_API_OLD_OPEN_CALLBACKS
FF_DISABLE_DEPRECATION_WARNINGS
    if (s->open_cb)
        return s->open_cb(s, pb, url, flags, &s->interrupt_callback, options);
FF_ENABLE_DEPRECATION_WARNINGS
#endif
    return ffio_open_whitelist(pb, url, flags, &s->interrupt_callback, options, s->protocol_whitelist, s->protocol_blacklist);
}",True,FFmpeg,53e0d5d7247548743e13c59c35e59fc2161e9582
161,"static void xendev_class_init(ObjectClass *klass, void *data)

{

    DeviceClass *dc = DEVICE_CLASS(klass);



    dc->props = xendev_properties;

    set_bit(DEVICE_CATEGORY_MISC, dc->categories);






}",True,qemu,e4f4fb1eca795e36f363b4647724221e774523c1
4580,"static int crc_write_header(struct AVFormatContext *s)

{

    CRCState *crc = s->priv_data;



    /* init CRC */

    crc->crcval = adler32(0, NULL, 0);



    return 0;

}
",False,FFmpeg,ee9f36a88eb3e2706ea659acb0ca80c414fa5d8a
1161,"static void test_visitor_in_native_list_uint8(TestInputVisitorData *data,

                                             const void *unused)

{

    test_native_list_integer_helper(data, unused,

                                    USER_DEF_NATIVE_LIST_UNION_KIND_U8);

}
",False,qemu,b3db211f3c80bb996a704d665fe275619f728bd4
9743,"void bdrv_aio_cancel_async(BlockAIOCB *acb)

{

    if (acb->aiocb_info->cancel_async) {

        acb->aiocb_info->cancel_async(acb);

    }

}
",False,qemu,61007b316cd71ee7333ff7a0a749a8949527575f
3019,"void dma_acct_start(BlockDriverState *bs, BlockAcctCookie *cookie,

                    QEMUSGList *sg, enum BlockAcctType type)

{

    block_acct_start(bdrv_get_stats(bs), cookie, sg->size, type);

}
",False,qemu,4be746345f13e99e468c60acbd3a355e8183e3ce
26149,"static void test_visitor_out_native_list_int8(TestOutputVisitorData *data,

                                              const void *unused)

{

    test_native_list(data, unused, USER_DEF_NATIVE_LIST_UNION_KIND_S8);

}
",False,qemu,b3db211f3c80bb996a704d665fe275619f728bd4
20068,"static int kvm_s390_check_enable_cmma(KVMState *s)

{

    struct kvm_device_attr attr = {

        .group = KVM_S390_VM_MEM_CTRL,

        .attr = KVM_S390_VM_MEM_ENABLE_CMMA,

    };



    return kvm_vm_ioctl(s, KVM_HAS_DEVICE_ATTR, &attr);

}
",False,qemu,2b147555f78c3c20080b201fd1506467fa0ddf43
11132,"static uint64_t omap_lpg_read(void *opaque, target_phys_addr_t addr,

                              unsigned size)

{

    struct omap_lpg_s *s = (struct omap_lpg_s *) opaque;

    int offset = addr & OMAP_MPUI_REG_MASK;



    if (size != 1) {

        return omap_badwidth_read8(opaque, addr);

    }



    switch (offset) {

    case 0x00:	/* LCR */

        return s->control;



    case 0x04:	/* PMR */

        return s->power;

    }



    OMAP_BAD_REG(addr);

    return 0;

}
",False,qemu,a8170e5e97ad17ca169c64ba87ae2f53850dab4c
12674,"static void qbool_destroy_obj(QObject *obj)

{

    assert(obj != NULL);

    g_free(qobject_to_qbool(obj));

}
",False,qemu,55e1819c509b3d9c10a54678b9c585bbda13889e
3858,"static void multiwrite_user_cb(MultiwriteCB *mcb)

{

    int i;



    for (i = 0; i < mcb->num_callbacks; i++) {

        mcb->callbacks[i].cb(mcb->callbacks[i].opaque, mcb->error);

        if (mcb->callbacks[i].free_qiov) {

            qemu_iovec_destroy(mcb->callbacks[i].free_qiov);

        }

        g_free(mcb->callbacks[i].free_qiov);

    }

}
",False,qemu,61007b316cd71ee7333ff7a0a749a8949527575f
18061,"static void ich_ahci_class_init(ObjectClass *klass, void *data)

{

    DeviceClass *dc = DEVICE_CLASS(klass);

    PCIDeviceClass *k = PCI_DEVICE_CLASS(klass);



    k->init = pci_ich9_ahci_init;

    k->exit = pci_ich9_uninit;

    k->config_write = pci_ich9_write_config;

    k->vendor_id = PCI_VENDOR_ID_INTEL;

    k->device_id = PCI_DEVICE_ID_INTEL_82801IR;

    k->revision = 0x02;

    k->class_id = PCI_CLASS_STORAGE_SATA;

    dc->alias = ""ahci"";

    dc->vmsd = &vmstate_ahci;

}
",False,qemu,6acbe4c6f18e7de00481ff30574262b58526de45
18571,"static void gen_window_check3(DisasContext *dc, unsigned r1, unsigned r2,

        unsigned r3)

{

    gen_window_check2(dc, r1, r2 > r3 ? r2 : r3);

}
",True,qemu,97e89ee914411384dcda771d38bf89f13726d71e
16698,"static void pnv_chip_power8nvl_class_init(ObjectClass *klass, void *data)

{

    DeviceClass *dc = DEVICE_CLASS(klass);

    PnvChipClass *k = PNV_CHIP_CLASS(klass);



    k->cpu_model = ""POWER8NVL"";

    k->chip_type = PNV_CHIP_POWER8NVL;

    k->chip_cfam_id = 0x120d304980000000ull;  /* P8 Naples DD1.0 */

    k->cores_mask = POWER8_CORE_MASK;

    k->core_pir = pnv_chip_core_pir_p8;


    dc->desc = ""PowerNV Chip POWER8NVL"";

}",True,qemu,967b75230b9720ea2b3ae49f38f8287026125f9f
16977,"void qemu_macaddr_default_if_unset(MACAddr *macaddr)

{

    static int index = 0;

    static const MACAddr zero = { .a = { 0,0,0,0,0,0 } };



    if (memcmp(macaddr, &zero, sizeof(zero)) != 0)

        return;

    macaddr->a[0] = 0x52;

    macaddr->a[1] = 0x54;

    macaddr->a[2] = 0x00;

    macaddr->a[3] = 0x12;

    macaddr->a[4] = 0x34;

    macaddr->a[5] = 0x56 + index++;

}
",True,qemu,2bc22a58e16f0650e56dccfac9495e5aef58e2ef
16408,"static void do_gdbserver(int argc, const char **argv)

{

    int port;



    port = DEFAULT_GDBSTUB_PORT;

    if (argc >= 2)

        port = atoi(argv[1]);

    if (gdbserver_start(port) < 0) {

        qemu_printf(""Could not open gdbserver socket on port %d\n"", port);

    } else {

        qemu_printf(""Waiting gdb connection on port %d\n"", port);

    }

}
",False,qemu,9307c4c1d93939db9b04117b654253af5113dc21
14634,"PPC_OP(test_ctrz_true)

{

    T0 = (regs->ctr == 0 && (T0 & PARAM(1)) != 0);

    RETURN();

}
",True,qemu,d9bce9d99f4656ae0b0127f7472db9067b8f84ab
14563,"static int get_keycode(const char *key)

{

    const KeyDef *p;

    char *endp;

    int ret;



    for(p = key_defs; p->name != NULL; p++) {

        if (!strcmp(key, p->name))

            return p->keycode;

    }

    if (strstart(key, ""0x"", NULL)) {

        ret = strtoul(key, &endp, 0);

        if (*endp == '\0' && ret >= 0x01 && ret <= 0xff)

            return ret;

    }

    return -1;

}
",False,qemu,1048c88f03545fa42bdebb077871a743a614d2ab
17375,"long do_rt_sigreturn(CPUState *env)

{

    fprintf(stderr, ""do_rt_sigreturn: not implemented\n"");

    return -TARGET_ENOSYS;

}
",True,qemu,0b1bcb00fb2baf5f3227dd9cd849fa69bf50d7a8
24290,"static int get_max_p_order(int max_porder, int n, int order)

{

    int porder, max_parts;



    porder = max_porder;

    while(porder > 0) {

        max_parts = (1 << porder);

        if(!(n % max_parts) && (n > max_parts*order)) {

            break;

        }

        porder--;

    }

    return porder;

}
",False,FFmpeg,474176bf927870168a20413f2a9c28f09b6b1afa
24048,"static void ts_str(char buffer[60], int64_t ts, AVRational base)

{

    if (ts == AV_NOPTS_VALUE) {

        strcpy(buffer, "" NOPTS   "");

        return;

    }

    ts= av_rescale_q(ts, base, (AVRational){1, 1000000});

    snprintf(buffer, 60, ""%c%Ld.%06Ld"", ts<0 ? '-' : ' ', FFABS(ts)/1000000, FFABS(ts)%1000000);

}
",False,FFmpeg,cd2f7ed0007f4803b6bd845366b2398abb32c355
27069,"int qemu_cpu_is_self(void *env)

{

    return 1;

}
",True,qemu,12d4536f7d911b6d87a766ad7300482ea663cea2
15191,"void *qemu_memalign(size_t alignment, size_t size)

{

    return VirtualAlloc(NULL, size, MEM_COMMIT, PAGE_READWRITE);

}
",False,qemu,d644f8beaa268a4e36b473f283f0b5a5ff66d8c2
11847,"void s390_feat_bitmap_to_ascii(const S390FeatBitmap bitmap, void *opaque,

                               void (*fn)(const char *name, void *opaque))

{

    S390Feat feat;



    feat = find_first_bit(bitmap, S390_FEAT_MAX);

    while (feat < S390_FEAT_MAX) {

        fn(s390_feat_def(feat)->name, opaque);

        feat = find_next_bit(bitmap, S390_FEAT_MAX, feat + 1);

    };

}
",False,qemu,8b3d6cb1fa6ae12e80ed8c266a637468b52835c7
10015,"void qemu_peer_set_offload(NetClientState *nc, int csum, int tso4, int tso6,

                          int ecn, int ufo)

{

    if (!nc->peer || !nc->peer->info->set_offload) {

        return;

    }



    nc->peer->info->set_offload(nc->peer, csum, tso4, tso6, ecn, ufo);

}
",False,qemu,d6085e3ace20bc9b0fa625d8d79b22668710e217
3494,"static void audio_capture(void *opaque, void *buf, int size)

{

    VncState *vs = opaque;



    vnc_lock_output(vs);

    vnc_write_u8(vs, VNC_MSG_SERVER_QEMU);

    vnc_write_u8(vs, VNC_MSG_SERVER_QEMU_AUDIO);

    vnc_write_u16(vs, VNC_MSG_SERVER_QEMU_AUDIO_DATA);

    vnc_write_u32(vs, size);

    vnc_write(vs, buf, size);

    vnc_unlock_output(vs);

    vnc_flush(vs);

}
",True,qemu,e2b72cb6e0443d90d7ab037858cb6834b6cca852
17388,"static int query_codec(enum CodecID id, int std_compliance)

{

    CodecMime *cm= ff_id3v2_mime_tags;

    while(cm->id != CODEC_ID_NONE) {

        if(id == cm->id)

            return MKTAG('A', 'P', 'I', 'C');

        cm++;

    }

    return -1;

}
",True,FFmpeg,bd6ece4609b49eb40f880252452b809bff8f13ec
21434,"static ssize_t proxy_lgetxattr(FsContext *ctx, V9fsPath *fs_path,

                               const char *name, void *value, size_t size)

{

    int retval;

    V9fsString xname;



    v9fs_string_init(&xname);

    v9fs_string_sprintf(&xname, ""%s"", name);

    retval = v9fs_request(ctx->private, T_LGETXATTR, value, ""dss"", size,

                          fs_path, &xname);

    v9fs_string_free(&xname);

    if (retval < 0) {

        errno = -retval;

    }

    return retval;

}
",False,qemu,494a8ebe713055d3946183f4b395f85a18b43e9e
14643,"static void monitor_control_event(void *opaque, int event)

{

    if (event == CHR_EVENT_OPENED) {

        QObject *data;

        Monitor *mon = opaque;



        mon->mc->command_mode = 0;

        json_message_parser_init(&mon->mc->parser, handle_qmp_command);



        data = get_qmp_greeting();

        monitor_json_emitter(mon, data);

        qobject_decref(data);

    }

}
",True,qemu,47116d1c90cdac94cb9da270320dcf0d5ce1cfe2
24842,"static int v9fs_synth_closedir(FsContext *ctx, V9fsFidOpenState *fs)

{

    V9fsSynthOpenState *synth_open = fs->private;

    V9fsSynthNode *node = synth_open->node;



    node->open_count--;

    g_free(synth_open);

    fs->private = NULL;

    return 0;

}
",False,qemu,364031f17932814484657e5551ba12957d993d7e
19970,"target_ulong helper_load_slb_esid(CPUPPCState *env, target_ulong rb)

{

    target_ulong rt;



    if (ppc_load_slb_esid(env, rb, &rt) < 0) {

        helper_raise_exception_err(env, POWERPC_EXCP_PROGRAM,

                                   POWERPC_EXCP_INVAL);

    }

    return rt;

}
",True,qemu,4cc2cc085586cdb787a24d78a7ba032fa657275a
6595,"static void nvme_clear_ctrl(NvmeCtrl *n)

{

    int i;



    for (i = 0; i < n->num_queues; i++) {

        if (n->sq[i] != NULL) {

            nvme_free_sq(n->sq[i], n);

        }

    }

    for (i = 0; i < n->num_queues; i++) {

        if (n->cq[i] != NULL) {

            nvme_free_cq(n->cq[i], n);

        }

    }



    bdrv_flush(n->conf.bs);

    n->bar.cc = 0;

}
",False,qemu,4be746345f13e99e468c60acbd3a355e8183e3ce
4427,"static int webm_dash_manifest_write_trailer(AVFormatContext *s)

{

    WebMDashMuxContext *w = s->priv_data;

    int i;

    for (i = 0; i < w->nb_as; i++) {

        av_freep(&w->as[i].streams);

    }

    av_freep(&w->as);

    return 0;

}
",True,FFmpeg,1c37848f9029985d1271da9a0d161c2ebf0aca81
20444,"static void test_pxe_virtio_pci(void)

{

    test_pxe_one(""-device virtio-net-pci,netdev="" NETNAME, false);

}
",False,qemu,ab06ec43577177a442e8e5ca28d0154efe4ff60f
137,"void ff_put_h264_qpel16_mc31_msa(uint8_t *dst, const uint8_t *src,

                                 ptrdiff_t stride)

{

    avc_luma_hv_qrt_16w_msa(src - 2,

                            src - (stride * 2) +

                            sizeof(uint8_t), stride, dst, stride, 16);

}
",False,FFmpeg,2aab7c2dfaca4386c38e5d565cd2bf73096bcc86
22315,"e1000e_set_icr(E1000ECore *core, int index, uint32_t val)

{

    if ((core->mac[ICR] & E1000_ICR_ASSERTED) &&

        (core->mac[CTRL_EXT] & E1000_CTRL_EXT_IAME)) {

        trace_e1000e_irq_icr_process_iame();

        e1000e_clear_ims_bits(core, core->mac[IAM]);

    }



    trace_e1000e_irq_icr_write(val, core->mac[ICR], core->mac[ICR] & ~val);

    core->mac[ICR] &= ~val;

    e1000e_update_interrupt_state(core);

}
",True,qemu,82342e91b60a4a078811df4e1a545e57abffa11d
4090,"static void aarch64_cpu_class_init(ObjectClass *oc, void *data)

{

    CPUClass *cc = CPU_CLASS(oc);




    cc->dump_state = aarch64_cpu_dump_state;

    cc->set_pc = aarch64_cpu_set_pc;

    cc->gdb_read_register = aarch64_cpu_gdb_read_register;

    cc->gdb_write_register = aarch64_cpu_gdb_write_register;

    cc->gdb_num_core_regs = 34;

    cc->gdb_core_xml_file = ""aarch64-core.xml"";

}",True,qemu,52e60cdd342dc48116edb81b443ba8c0a0c6f1a3
5081,"static int grackle_pci_host_init(PCIDevice *d)

{

    pci_config_set_vendor_id(d->config, PCI_VENDOR_ID_MOTOROLA);

    pci_config_set_device_id(d->config, PCI_DEVICE_ID_MOTOROLA_MPC106);

    d->config[0x08] = 0x00; // revision

    d->config[0x09] = 0x01;

    pci_config_set_class(d->config, PCI_CLASS_BRIDGE_HOST);

    return 0;

}
",False,qemu,a614f52dc70fd4c424a6248ae98c42494b9a89e7
12053,"static void lance_mem_write(void *opaque, target_phys_addr_t addr,

                            uint64_t val, unsigned size)

{

    SysBusPCNetState *d = opaque;



    trace_lance_mem_writew(addr, val & 0xffff);

    pcnet_ioport_writew(&d->state, addr, val & 0xffff);

}
",False,qemu,a8170e5e97ad17ca169c64ba87ae2f53850dab4c
2596,"static inline void check_alignment(CPUS390XState *env, uint64_t v,

                                   int wordsize, uintptr_t ra)

{

    if (v % wordsize) {

        CPUState *cs = CPU(s390_env_get_cpu(env));

        cpu_restore_state(cs, ra);

        program_interrupt(env, PGM_SPECIFICATION, 6);

    }

}
",False,qemu,8d2f850a5ab7579a852f23b28273940a47dfd7ff
20417,"void OPPROTO op_divb_AL_T0(void)

{

    unsigned int num, den, q, r;



    num = (EAX & 0xffff);

    den = (T0 & 0xff);

    if (den == 0) {

        raise_exception(EXCP00_DIVZ);

    }

    q = (num / den) & 0xff;

    r = (num % den) & 0xff;

    EAX = (EAX & ~0xffff) | (r << 8) | q;

}
",True,qemu,45bbbb466cf4a6280076ea5a51f67ef5bedee345
26791,"void acpi_pm1_cnt_init(ACPIREGS *ar, qemu_irq cmos_s3)

{

    ar->pm1.cnt.cmos_s3 = cmos_s3;

}
",False,qemu,da98c8eb4c35225049cad8cf767647eb39788b5d
22787,"static void fw_cfg_data_mem_write(void *opaque, target_phys_addr_t addr,

                                  uint64_t value, unsigned size)

{

    fw_cfg_write(opaque, (uint8_t)value);

}
",False,qemu,a8170e5e97ad17ca169c64ba87ae2f53850dab4c
24042,"float64 HELPER(ucf64_sf2df)(float32 x, CPUUniCore32State *env)

{

    return float32_to_float64(x, &env->ucf64.fp_status);

}
",False,qemu,e8ede0a8bb5298a6979bcf7ed84ef64a64a4e3fe
19294,"static const CPUArchIdList *pc_possible_cpu_arch_ids(MachineState *machine)

{

    assert(machine->possible_cpus);

    return machine->possible_cpus;

}
",False,qemu,c96a1c0ba6b88fb47ca734013ae9b9248f78fbb4
5660,"static void nvic_sysreg_write(void *opaque, target_phys_addr_t addr,

                              uint64_t value, unsigned size)

{

    uint32_t offset = addr;

    if (size == 4) {

        nvic_writel(opaque, offset, value);

        return;

    }

    hw_error(""NVIC: Bad write of size %d at offset 0x%x\n"", size, offset);

}
",False,qemu,a8170e5e97ad17ca169c64ba87ae2f53850dab4c
18102,"opts_start_list(Visitor *v, const char *name, Error **errp)

{

    OptsVisitor *ov = to_ov(v);



    /* we can't traverse a list in a list */

    assert(ov->list_mode == LM_NONE);

    ov->repeated_opts = lookup_distinct(ov, name, errp);

    if (ov->repeated_opts != NULL) {

        ov->list_mode = LM_STARTED;

    }

}
",False,qemu,d9f62dde1303286b24ac8ce88be27e2b9b9c5f46
4373,"void helper_wrpstate(CPUSPARCState *env, target_ulong new_state)

{

    cpu_change_pstate(env, new_state & 0xf3f);



#if !defined(CONFIG_USER_ONLY)

    if (cpu_interrupts_enabled(env)) {


        cpu_check_irqs(env);


    }

#endif

}",True,qemu,5ee5993001cf32addb86a92e2ae8cb090fbc1462
18232,"static uint32_t intel_hda_mmio_readb(void *opaque, target_phys_addr_t addr)

{

    IntelHDAState *d = opaque;

    const IntelHDAReg *reg = intel_hda_reg_find(d, addr);



    return intel_hda_reg_read(d, reg, 0xff);

}
",False,qemu,a8170e5e97ad17ca169c64ba87ae2f53850dab4c
20676,"static void gen_wsr_windowbase(DisasContext *dc, uint32_t sr, TCGv_i32 v)

{

    gen_helper_wsr_windowbase(cpu_env, v);

    reset_used_window(dc);

}
",True,qemu,2db59a76c421cdd1039d10e32a9798952d3ff5ba
14132,"void *qemu_mallocz(size_t size)

{

    void *ptr;

    ptr = qemu_malloc(size);

    if (!ptr)

        return NULL;

    memset(ptr, 0, size);

    return ptr;

}
",False,qemu,17e2377abf16c3951d7d34521ceade4d7dc31d01
1064,"void kqemu_set_notdirty(CPUState *env, ram_addr_t ram_addr)

{

    LOG_INT(""kqemu_set_notdirty: addr=%08lx\n"", 

                (unsigned long)ram_addr);

    /* we only track transitions to dirty state */

    if (phys_ram_dirty[ram_addr >> TARGET_PAGE_BITS] != 0xff)

        return;

    if (nb_ram_pages_to_update >= KQEMU_MAX_RAM_PAGES_TO_UPDATE)

        nb_ram_pages_to_update = KQEMU_RAM_PAGES_UPDATE_ALL;

    else

        ram_pages_to_update[nb_ram_pages_to_update++] = ram_addr;

}
",False,qemu,4a1418e07bdcfaa3177739e04707ecaec75d89e1
17088,"static TCGv new_tmp(void)

{

    TCGv tmp;

    if (num_temps == MAX_TEMPS)

        abort();



    if (GET_TCGV(temps[num_temps]))

      return temps[num_temps++];



    tmp = tcg_temp_new(TCG_TYPE_I32);

    temps[num_temps++] = tmp;

    return tmp;

}
",False,qemu,a7812ae412311d7d47f8aa85656faadac9d64b56
6523,"static void fifo_deinit(AVFormatContext *avf)

{

    FifoContext *fifo = avf->priv_data;



    av_dict_free(&fifo->format_options);

    avformat_free_context(fifo->avf);

    av_thread_message_queue_free(&fifo->queue);

    pthread_mutex_destroy(&fifo->overflow_flag_lock);

}
",True,FFmpeg,e20e9b9033b75fac32a4a3bc2cdd3fcc3cedb33a
20407,"static VirtIOSCSIReq *virtio_scsi_pop_req(VirtIOSCSI *s, VirtQueue *vq)

{

    VirtIOSCSIReq *req;

    req = g_malloc(sizeof(*req));

    if (!virtqueue_pop(vq, &req->elem)) {

        g_free(req);

        return NULL;

    }



    virtio_scsi_parse_req(s, vq, req);

    return req;

}
",False,qemu,36b15c79aa1bef5fe7543f9f2629b6413720bbfb
15403,"void ff_put_dirac_pixels32_sse2(uint8_t *dst, const uint8_t *src[5], int stride, int h)

{

    if (h&3) {

        ff_put_dirac_pixels32_c(dst, src, stride, h);

    } else {

    ff_put_pixels16_sse2(dst   , src[0]   , stride, h);

    ff_put_pixels16_sse2(dst+16, src[0]+16, stride, h);

    }

}
",False,FFmpeg,6a4832caaede15e3d918b1408ff83fe30324507b
10133,"bool qemu_savevm_state_blocked(Monitor *mon)

{

    SaveStateEntry *se;



    QTAILQ_FOREACH(se, &savevm_handlers, entry) {

        if (se->no_migrate) {

            monitor_printf(mon, ""state blocked by non-migratable device '%s'\n"",

                           se->idstr);

            return true;

        }

    }

    return false;

}
",False,qemu,e1c37d0e94048502f9874e6356ce7136d4b05bdb
26584,"static void init_multbl2(uint8_t tbl[1024], const int c[4],

                         const uint8_t *log8, const uint8_t *alog8,

                         const uint8_t *sbox)

{

    int i, j;



    for (i = 0; i < 1024; i++) {

        int x = sbox[i >> 2];

        if (x)

            tbl[i] = alog8[log8[x] + log8[c[i & 3]]];

    }

#if !CONFIG_SMALL

    for (j = 256; j < 1024; j++)

        for (i = 0; i < 4; i++)

            tbl[4*j + i] = tbl[4*j + ((i - 1) & 3) - 1024];

#endif

}
",True,FFmpeg,5d20f19be25c973fe10d0d17db9245002585710d
10592,"getouraddr(void)

{

	char buff[256];

	struct hostent *he = NULL;



	if (gethostname(buff,256) == 0)

            he = gethostbyname(buff);

        if (he)

            our_addr = *(struct in_addr *)he->h_addr;

        if (our_addr.s_addr == 0)

            our_addr.s_addr = loopback_addr.s_addr;

}
",True,qemu,df46189412567906312684eb72ba87c6a86a4cdb
25519,"static bool aio_epoll_check_poll(AioContext *ctx, GPollFD *pfds,

                          unsigned npfd, int64_t timeout)

{

    return false;

}
",False,qemu,c2b38b277a7882a592f4f2ec955084b2b756daaa
25600,"vmxnet3_dump_rx_descr(struct Vmxnet3_RxDesc *descr)

{

    VMW_PKPRN(""RX DESCR: addr %"" PRIx64 "", len: %d, gen: %d, rsvd: %d, ""

              ""dtype: %d, ext1: %d, btype: %d"",

              le64_to_cpu(descr->addr), descr->len, descr->gen,

              descr->rsvd, descr->dtype, descr->ext1, descr->btype);

}
",True,qemu,c527e0afcd7d719abc3a5ca5e4c8ac2fe48b999f
26600,"static int kvm_get_msr(CPUState *env, struct kvm_msr_entry *msrs, int n)

{

    struct kvm_msrs *kmsrs = qemu_malloc(sizeof *kmsrs + n * sizeof *msrs);

    int r;



    kmsrs->nmsrs = n;

    memcpy(kmsrs->entries, msrs, n * sizeof *msrs);

    r = kvm_vcpu_ioctl(env, KVM_GET_MSRS, kmsrs);

    memcpy(msrs, kmsrs->entries, n * sizeof *msrs);

    free(kmsrs);

    return r;

}
",False,qemu,c34d440a728fd3b5099d11dec122d440ef092c23
14236,"int fread_targphys_ok(target_phys_addr_t dst_addr, size_t nbytes, FILE *f)

{

    return fread_targphys(dst_addr, nbytes, f) == nbytes;

}
",False,qemu,45a50b1668822c23afc2a89f724654e176518bc4
4522,"static void etsec_class_init(ObjectClass *klass, void *data)

{

    DeviceClass *dc = DEVICE_CLASS(klass);



    dc->realize = etsec_realize;

    dc->reset = etsec_reset;

    dc->props = etsec_properties;



}",True,qemu,e4f4fb1eca795e36f363b4647724221e774523c1
4351,"void qmp_output_visitor_cleanup(QmpOutputVisitor *v)

{

    QStackEntry *e, *tmp;



    QTAILQ_FOREACH_SAFE(e, &v->stack, node, tmp) {

        QTAILQ_REMOVE(&v->stack, e, node);

        if (e->value) {

            qobject_decref(e->value);

        }

        g_free(e);

    }



    g_free(v);

}
",True,qemu,f24582d6ad8a080e008974c000bf0ae635d036ac
13546,"int qemu_file_get_error(QEMUFile *f)

{

    return f->last_error;

}
",True,qemu,60fe637bf0e4d7989e21e50f52526444765c63b4
11261,"static always_inline int dv_rl2vlc(int run, int l, uint32_t* vlc)

{

    *vlc = dv_vlc_map[run][((uint16_t)l)&0x1ff].vlc;

    return dv_vlc_map[run][((uint16_t)l)&0x1ff].size;

}
",False,FFmpeg,c619ff6daf93a8f3c03decf2d3345d2474c3db91
21160,"void visit_start_struct(Visitor *v, const char *name, void **obj,

                        size_t size, Error **errp)

{

    Error *err = NULL;



    if (obj) {

        assert(size);

        assert(v->type != VISITOR_OUTPUT || *obj);

    }

    v->start_struct(v, name, obj, size, &err);

    if (obj && v->type == VISITOR_INPUT) {

        assert(!err != !*obj);

    }

    error_propagate(errp, err);

}
",True,qemu,a15fcc3cf69ee3d408f60d6cc316488d2b0249b4
14367,"static KeyValue *copy_key_value(KeyValue *src)

{

    KeyValue *dst = g_new(KeyValue, 1);

    memcpy(dst, src, sizeof(*src));






    return dst;
",True,qemu,1d5b8d770d1215b41ae32c881984b1d048b2f932
24727,"Aml *aml_add(Aml *arg1, Aml *arg2)

{

    Aml *var = aml_opcode(0x72 /* AddOp */);

    aml_append(var, arg1);

    aml_append(var, arg2);

    build_append_byte(var->buf, 0x00 /* NullNameOp */);

    return var;

}
",False,qemu,439e2a6e10ed7f5da819bf7dcaa54b8cfdbeab0d
13248,"void isa_bus_irqs(ISABus *bus, qemu_irq *irqs)

{

    if (!bus) {

        hw_error(""Can't set isa irqs with no isa bus present."");

    }

    bus->irqs = irqs;

}
",True,qemu,675463d9b6b2c2b65a713a6d906aeebe9e6750ae
26965,"opts_end_list(Visitor *v, Error **errp)

{

    OptsVisitor *ov = DO_UPCAST(OptsVisitor, visitor, v);



    assert(ov->list_mode == LM_STARTED || ov->list_mode == LM_IN_PROGRESS);

    ov->repeated_opts = NULL;

    ov->list_mode = LM_NONE;

}
",False,qemu,d8754f40acb2d30e4735cdcd21a16e7ac29264a3
4294,"static void do_change_vnc(const char *target)

{

    if (strcmp(target, ""passwd"") == 0 ||

	strcmp(target, ""password"") == 0) {

	char password[9];

	monitor_readline(""Password: "", 1, password, sizeof(password));

	if (vnc_display_password(NULL, password) < 0)

	    term_printf(""could not set VNC server password\n"");

    } else {

	if (vnc_display_open(NULL, target) < 0)

	    term_printf(""could not start VNC server on %s\n"", target);

    }

}
",False,qemu,2569da0cb64506ea05323544c26f3aaffbf3f9fe
24716,"static void openrisc_sim_machine_init(MachineClass *mc)

{

    mc->desc = ""or1k simulation"";

    mc->init = openrisc_sim_init;

    mc->max_cpus = 1;

    mc->is_default = 1;

}
",False,qemu,13f1c773640171efa8175b1ba6dcd624c1ad68c1
4081,"static int s390_virtio_blk_init(VirtIOS390Device *s390_dev)

{

    VirtIOBlkS390 *dev = VIRTIO_BLK_S390(s390_dev);

    DeviceState *vdev = DEVICE(&dev->vdev);

    virtio_blk_set_conf(vdev, &(dev->blk));

    qdev_set_parent_bus(vdev, BUS(&s390_dev->bus));

    if (qdev_init(vdev) < 0) {

        return -1;

    }

    return s390_virtio_device_init(s390_dev, VIRTIO_DEVICE(vdev));

}
",True,qemu,caffdac363801cd2cf2bf01ad013a8c1e1e43800
18557,"void ram_control_load_hook(QEMUFile *f, uint64_t flags)

{

    int ret = -EINVAL;



    if (f->ops->hook_ram_load) {

        ret = f->ops->hook_ram_load(f, f->opaque, flags);

        if (ret < 0) {

            qemu_file_set_error(f, ret);

        }

    } else {

        qemu_file_set_error(f, ret);

    }

}
",True,qemu,60fe637bf0e4d7989e21e50f52526444765c63b4
14587,"static uint64_t pxa2xx_cm_read(void *opaque, hwaddr addr,

                               unsigned size)

{

    PXA2xxState *s = (PXA2xxState *) opaque;



    switch (addr) {

    case CCCR:

    case CKEN:

    case OSCC:

        return s->cm_regs[addr >> 2];



    case CCSR:

        return s->cm_regs[CCCR >> 2] | (3 << 28);



    default:

        printf(""%s: Bad register "" REG_FMT ""\n"", __FUNCTION__, addr);

        break;

    }

    return 0;

}
",False,qemu,a89f364ae8740dfc31b321eed9ee454e996dc3c1
1915,"static void handle_mrs(DisasContext *s, uint32_t insn, unsigned int op0,

                       unsigned int op1, unsigned int op2,

                       unsigned int crn, unsigned int crm, unsigned int rt)

{

    unsupported_encoding(s, insn);

}
",False,qemu,fea505221eaf87889000378d4d33ad0dfd5f4d9d
16942,"static int vc1_parse_init(AVCodecParserContext *s)

{

    VC1ParseContext *vpc = s->priv_data;

    vpc->v.s.slice_context_count = 1;

    return 0;

}
",False,FFmpeg,c742ab4e81bb9dcabfdab006d6b8b09a5808c4ce
24199,"uint64_t HELPER(popcnt)(uint64_t r2)

{

    uint64_t ret = 0;

    int i;



    for (i = 0; i < 64; i += 8) {

        uint64_t t = ctpop32((r2 >> i) & 0xff);

        ret |= t << i;

    }

    return ret;

}
",False,qemu,250a87d5561a7212fe43357b084f69992eced75a
9964,"static void bdrv_rw_em_cb(void *opaque, int ret)

{

    *(int *)opaque = ret;

}
",False,qemu,f8c35c1d59c9fecf79f6d5a02cd09f472a6f411d
15523,"uint64_t helper_fres(CPUPPCState *env, uint64_t arg)

{

    CPU_DoubleU farg;

    float32 f32;



    farg.ll = arg;



    if (unlikely(float64_is_signaling_nan(farg.d))) {

        /* sNaN reciprocal */

        fload_invalid_op_excp(env, POWERPC_EXCP_FP_VXSNAN);

    }

    farg.d = float64_div(float64_one, farg.d, &env->fp_status);

    f32 = float64_to_float32(farg.d, &env->fp_status);

    farg.d = float32_to_float64(f32, &env->fp_status);



    return farg.ll;

}
",False,qemu,59800ec8e52bcfa271fa61fb0aae19205ef1b7f1
11314,"static void branch(DBDMA_channel *ch)

{

    dbdma_cmd *current = &ch->current;



    ch->regs[DBDMA_CMDPTR_LO] = current->cmd_dep;

    ch->regs[DBDMA_STATUS] |= cpu_to_be32(BT);

    dbdma_cmdptr_load(ch);

}
",False,qemu,ad674e53b5cce265fadafbde2c6a4f190345cd00
20402,"static inline void gen_op_fcmps(int fccno, TCGv r_rs1, TCGv r_rs2)

{

    gen_helper_fcmps(cpu_env, r_rs1, r_rs2);

}
",False,qemu,7385aed20db5d83979f683b9d0048674411e963c
23316,"static inline int signed_shift(int i, int shift) {

    if (shift > 0)

        return i << shift;

    return i >> -shift;

}
",True,FFmpeg,0953736b7e97f6e121a0587a95434bf1857a27da
22109,"void qemu_system_suspend_request(void)

{

    if (is_suspended) {

        return;

    }

    suspend_requested = 1;

    cpu_stop_current();

    qemu_notify_event();

}
",False,qemu,9abc62f6445795522d1bf5bf17f642e44eaf032d
26122,"static always_inline int find_pte (CPUState *env, mmu_ctx_t *ctx,

                                   int h, int rw)

{

#if defined(TARGET_PPC64)

    if (env->mmu_model == POWERPC_MMU_64B)

        return find_pte64(ctx, h, rw);

#endif



    return find_pte32(ctx, h, rw);

}
",False,qemu,b227a8e9aa5f27d29f77ba90d5eb9d0662a1175e
18133,"void DBDMA_schedule(void)

{

    CPUState *env = cpu_single_env;

    if (env)

        cpu_interrupt(env, CPU_INTERRUPT_EXIT);

}
",False,qemu,3098dba01c7daab60762b6f6624ea88c0d6cb65a
19833,"int bdrv_check(BlockDriverState *bs, BdrvCheckResult *res, BdrvCheckMode fix)

{




    if (bs->drv->bdrv_check == NULL) {

        return -ENOTSUP;




    memset(res, 0, sizeof(*res));

    return bs->drv->bdrv_check(bs, res, fix);
",True,qemu,908bcd540f489f7adf2d804347905b0025d808d3
16817,"static void kvm_log_start(MemoryListener *listener,

                          MemoryRegionSection *section)

{

    int r;



    r = kvm_dirty_pages_log_change(section->offset_within_address_space,

                                   int128_get64(section->size), true);

    if (r < 0) {

        abort();

    }

}
",False,qemu,b2dfd71c4843a762f2befe702adb249cf55baf66
11731,"void do_addo (void)

{

    T2 = T0;

    T0 += T1;

    if (likely(!((T2 ^ T1 ^ (-1)) & (T2 ^ T0) & (1 << 31)))) {

        xer_ov = 0;

    } else {

        xer_so = 1;

        xer_ov = 1;

    }

}
",True,qemu,d9bce9d99f4656ae0b0127f7472db9067b8f84ab
8162,"static int ipvideo_decode_block_opcode_0xB(IpvideoContext *s)

{

    int y;



    /* 64-color encoding (each pixel in block is a different color) */

    CHECK_STREAM_PTR(64);



    for (y = 0; y < 8; y++) {

        memcpy(s->pixel_ptr, s->stream_ptr, 8);

        s->stream_ptr += 8;

        s->pixel_ptr  += s->stride;

    }



    /* report success */

    return 0;

}
",False,FFmpeg,80ca19f766aea8f4724aac1b3faa772d25163c8a
11863,"static uint64_t hpet_get_ticks(void)

{

    uint64_t ticks;

    ticks = ns_to_ticks(qemu_get_clock(vm_clock) + hpet_statep->hpet_offset);

    return ticks;

}
",True,qemu,27bb0b2d6f80f058bdb6fcc8fcdfa69b0c8a6d71
6087,"static int kvm_s390_check_clear_cmma(KVMState *s)

{

    struct kvm_device_attr attr = {

        .group = KVM_S390_VM_MEM_CTRL,

        .attr = KVM_S390_VM_MEM_CLR_CMMA,

    };



    return kvm_vm_ioctl(s, KVM_HAS_DEVICE_ATTR, &attr);

}
",False,qemu,2b147555f78c3c20080b201fd1506467fa0ddf43
19523,"static inline void gen_op_evabs(TCGv_i32 ret, TCGv_i32 arg1)

{

    int l1 = gen_new_label();

    int l2 = gen_new_label();



    tcg_gen_brcondi_i32(TCG_COND_GE, arg1, 0, l1);

    tcg_gen_neg_i32(ret, arg1);

    tcg_gen_br(l2);

    gen_set_label(l1);

    tcg_gen_mov_i32(ret, arg1);

    gen_set_label(l2);

}
",False,qemu,42a268c241183877192c376d03bd9b6d527407c7
5467,"static uint32_t hpet_ram_readb(void *opaque, target_phys_addr_t addr)

{

    printf(""qemu: hpet_read b at %"" PRIx64 ""\n"", addr);

    return 0;

}
",False,qemu,a8170e5e97ad17ca169c64ba87ae2f53850dab4c
24168,"int scsi_req_get_sense(SCSIRequest *req, uint8_t *buf, int len)

{

    assert(len >= 14);

    if (!req->sense_len) {

        return 0;

    }

    return scsi_build_sense(req->sense, req->sense_len, buf, len, true);

}
",False,qemu,6dc06f08b3d6c0347df00ac68d9f30e2b233a749
17663,"static void taihu_cpld_writeb (void *opaque,

                               hwaddr addr, uint32_t value)

{

    taihu_cpld_t *cpld;



    cpld = opaque;

    switch (addr) {

    case 0x0:

        /* Read only */

        break;

    case 0x1:

        cpld->reg1 = value;

        break;

    default:

        break;

    }

}
",False,qemu,e2a176dfda32f5cf80703c2921a19fe75850c38c
12446,"void qemu_fopen_ops_buffered(MigrationState *migration_state)

{

    QEMUFileBuffered *s;



    s = g_malloc0(sizeof(*s));



    s->migration_state = migration_state;

    s->xfer_limit = migration_state->bandwidth_limit / 10;

    s->migration_state->complete = false;



    s->file = qemu_fopen_ops(s, &buffered_file_ops);



    migration_state->file = s->file;



    qemu_thread_create(&s->thread, buffered_file_thread, s,

                       QEMU_THREAD_DETACHED);

}
",False,qemu,0d82d0e8b98cf0ea03a45f8542d835ebd3a84cd3
24514,"static void qpci_spapr_io_writew(QPCIBus *bus, void *addr, uint16_t value)

{

    QPCIBusSPAPR *s = container_of(bus, QPCIBusSPAPR, bus);

    uint64_t port = (uintptr_t)addr;

    value = bswap16(value);

    if (port < s->pio.size) {

        writew(s->pio_cpu_base + port, value);

    } else {

        writew(s->mmio_cpu_base + port, value);

    }

}
",False,qemu,8360544a6d3a54df1fce80f55ba4ad075a8ded54
7502,"static void virtio_net_tx_complete(NetClientState *nc, ssize_t len)

{

    VirtIONet *n = qemu_get_nic_opaque(nc);

    VirtIONetQueue *q = virtio_net_get_subqueue(nc);

    VirtIODevice *vdev = VIRTIO_DEVICE(n);



    virtqueue_push(q->tx_vq, &q->async_tx.elem, 0);

    virtio_notify(vdev, q->tx_vq);



    q->async_tx.elem.out_num = 0;



    virtio_queue_set_notification(q->tx_vq, 1);

    virtio_net_flush_tx(q);

}
",False,qemu,51b19ebe4320f3dcd93cea71235c1219318ddfd2
7678,"static void vfio_disable_msix(VFIODevice *vdev)
{
    msix_unset_vector_notifiers(&vdev->pdev);
    if (vdev->nr_vectors) {
        vfio_disable_irqindex(vdev, VFIO_PCI_MSIX_IRQ_INDEX);
    vfio_disable_msi_common(vdev);
    DPRINTF(""%s(%04x:%02x:%02x.%x)\n"", __func__, vdev->host.domain,
            vdev->host.bus, vdev->host.slot, vdev->host.function);",True,qemu,3e40ba0faf0822fa78336fe6cd9d677ea9b14f1b
1856,"static void qdev_get_legacy_property(DeviceState *dev, Visitor *v, void *opaque,

                                     const char *name, Error **errp)

{

    Property *prop = opaque;



    if (prop->info->print) {

        char buffer[1024];

        char *ptr = buffer;



        prop->info->print(dev, prop, buffer, sizeof(buffer));

        visit_type_str(v, &ptr, name, errp);

    } else {

        error_set(errp, QERR_PERMISSION_DENIED);

    }

}
",False,qemu,e3cb6ba65d265f2cc1313ee26e879407ff24663c
14373,"target_ulong helper_sub_suov(CPUTriCoreState *env, target_ulong r1,

                             target_ulong r2)

{

    int64_t t1 = extract64(r1, 0, 32);

    int64_t t2 = extract64(r2, 0, 32);

    int64_t result = t1 - t2;

    return suov32(env, result);

}
",True,qemu,85d604af5f96c32734af9974ec6ddb625b6716a2
4909,"void json_start_object(QJSON *json, const char *name)

{

    json_emit_element(json, name);

    qstring_append(json->str, ""{ "");

    json->omit_comma = true;

}
",False,qemu,17b74b98676aee5bc470b173b1e528d2fce2cf18
6740,"static inline void menelaus_rtc_stop(MenelausState *s)

{

    qemu_del_timer(s->rtc.hz_tm);

    s->rtc.next -= qemu_get_clock(rt_clock);

    if (s->rtc.next < 1)

        s->rtc.next = 1;

}
",False,qemu,7bd427d801e1e3293a634d3c83beadaa90ffb911
15222,"av_cold void ff_yadif_init_x86(YADIFContext *yadif)

{

    int cpu_flags = av_get_cpu_flags();



    if (HAVE_MMX && cpu_flags & AV_CPU_FLAG_MMX)

        yadif->filter_line = yadif_filter_line_mmx;

    if (HAVE_SSE && cpu_flags & AV_CPU_FLAG_SSE2)

        yadif->filter_line = yadif_filter_line_sse2;

    if (HAVE_SSSE3 && cpu_flags & AV_CPU_FLAG_SSSE3)

        yadif->filter_line = yadif_filter_line_ssse3;

}
",False,FFmpeg,fb93e61e2b7baa44ff991bc0ce96291490a0188e
23075,"static bool cmd_read_pio(IDEState *s, uint8_t cmd)

{

    bool lba48 = (cmd == WIN_READ_EXT);



    if (s->drive_kind == IDE_CD) {

        ide_set_signature(s); /* odd, but ATA4 8.27.5.2 requires it */

        ide_abort_command(s);

        return true;

    }



    if (!s->bs) {

        ide_abort_command(s);

        return true;

    }



    ide_cmd_lba48_transform(s, lba48);

    s->req_nb_sectors = 1;

    ide_sector_read(s);



    return false;

}
",False,qemu,4be746345f13e99e468c60acbd3a355e8183e3ce
6199,"void portio_list_init(PortioList *piolist,

                      const MemoryRegionPortio *callbacks,

                      void *opaque, const char *name)

{

    unsigned n = 0;



    while (callbacks[n].size) {

        ++n;

    }



    piolist->ports = callbacks;

    piolist->nr = 0;

    piolist->regions = g_new0(MemoryRegion *, n);

    piolist->aliases = g_new0(MemoryRegion *, n);

    piolist->address_space = NULL;

    piolist->opaque = opaque;

    piolist->name = name;

}
",False,qemu,b40acf99bef69fa8ab0f9092ff162fde945eec12
